-- phpMyAdmin SQL Dump
-- version 5.0.4deb2+deb11u1
-- https://www.phpmyadmin.net/
--
-- Hôte : 172.16.1.2
-- Généré le : lun. 27 mars 2023 à 18:07
-- Version du serveur :  10.3.29-MariaDB-0+deb10u1
-- Version de PHP : 7.4.33

SET SQL_MODE = "NO_AUTO_VALUE_ON_ZERO";
START TRANSACTION;
SET time_zone = "+00:00";


/*!40101 SET @OLD_CHARACTER_SET_CLIENT=@@CHARACTER_SET_CLIENT */;
/*!40101 SET @OLD_CHARACTER_SET_RESULTS=@@CHARACTER_SET_RESULTS */;
/*!40101 SET @OLD_COLLATION_CONNECTION=@@COLLATION_CONNECTION */;
/*!40101 SET NAMES utf8mb4 */;

--
-- Base de données : `etu_majegu`
--
CREATE DATABASE IF NOT EXISTS `etu_majegu` DEFAULT CHARACTER SET utf8mb4 COLLATE utf8mb4_unicode_ci;
USE `etu_majegu`;

-- --------------------------------------------------------

--
-- Structure de la table `auteur`
--

DROP TABLE IF EXISTS `auteur`;
CREATE TABLE `auteur` (
  `id` int(11) NOT NULL,
  `intitule_auteur` varchar(255) COLLATE utf8mb4_unicode_ci NOT NULL
) ENGINE=InnoDB DEFAULT CHARSET=utf8mb4 COLLATE=utf8mb4_unicode_ci;

--
-- Déchargement des données de la table `auteur`
--

INSERT INTO `auteur` (`id`, `intitule_auteur`) VALUES
(1153, 'Emily Chubbuck Judson'),
(1154, 'Pete Daniel'),
(1155, 'Michael Desch'),
(1156, 'Sahni Birbal'),
(1157, 'James Brennan'),
(1158, 'James R. Brennan'),
(1159, 'Andrew Burton'),
(1160, 'Andrew Ross Burton'),
(1161, 'Yusufu Qwaray Lawi'),
(1162, 'British Institute in Eastern Africa'),
(1163, 'Levi Heywood Memorial Library, Gardner, Mass'),
(1164, 'Stephen Warren'),
(1165, 'Fitchburg (Mass.). Public Library'),
(1166, 'Kevin Cooney'),
(1167, 'Lon Kurashige'),
(1168, 'Charles N. Lesh'),
(1169, 'Robert Birchard'),
(1170, 'Horatio Gordon Robley'),
(1171, 'Charles E. Heller'),
(1172, 'William A. Stofft'),
(1173, 'Medical Library Association'),
(1174, 'Fanny Forester'),
(1175, 'Charles M. Neal'),
(1176, 'Alexander Grinstein'),
(1177, 'William H. Dorrance'),
(1178, 'Abraham J. Klausner'),
(1179, 'Brian Q. Cannon'),
(1180, 'Jessie L. Embry'),
(1181, 'Barbara Hinkson Craig'),
(1182, 'Dorothy L. Hodgson'),
(1183, 'John Bartlow Martin'),
(1184, 'Kenneth Robert Janken'),
(1185, 'Charles Edward Calmer'),
(1186, 'Brett Knowles'),
(1187, 'Donna K. Anderson'),
(1188, 'Birbal Sahni'),
(1189, 'Ben Verhoeven'),
(1190, 'American Aviation Historical Society'),
(1191, 'Michael C. Daconta'),
(1192, 'Fitchburg Public Library'),
(1193, 'Laurence Ariel Jarvik'),
(1194, 'James Miller'),
(1195, 'Tracey E. W. Laird'),
(1196, 'Willis H. White'),
(1197, 'West Virginia Geological and Economic Survey'),
(1198, 'Ray Vernon Hennen'),
(1199, 'Gabrielle Wolf'),
(1200, 'Dansk central for dokumentation'),
(1201, 'Robert A. Jecklin'),
(1202, 'Felix H. Man'),
(1203, 'Avi M. Schulman'),
(1204, 'Princeton University. Library'),
(1205, 'Sinclair Hamilton'),
(1206, 'Library of Congress. Copyright Office'),
(1207, 'Fanny FORESTER (pseud.)'),
(1208, 'Mark Hellstern'),
(1209, 'Gregory M. Scott'),
(1210, 'Stephen M. Garrison'),
(1211, 'David Bonner'),
(1212, 'Hugh Aylmer Dempsey'),
(1213, 'David Rice'),
(1214, 'Maurice Isserman'),
(1215, 'Lewis Jefferson Hardee'),
(1216, 'Westerners. San Diego Corral'),
(1217, 'Jacquelyn Ann Lowman'),
(1218, 'Cecil B. Currey'),
(1219, 'Rick Halpern'),
(1220, 'Fran P. Hosken'),
(1221, 'Edwin Törmälä'),
(1222, 'Frank H. Winter'),
(1223, 'Frank Karslake'),
(1224, 'Fanny FORESTER (pseud. [i.e. Emily C. Chubbuck.])'),
(1225, 'Francesca Cassara'),
(1226, 'Ohio State Archaeological and Historical Society'),
(1227, 'Akademii͡a nauk SSSR.'),
(1228, 'Shinichi Shigihara'),
(1229, 'Eiichi Akimoto'),
(1230, 'Richard G. Hardorff'),
(1231, 'Robert E. Sheridan'),
(1232, 'Kevin J. Cooney'),
(1233, 'Robin Rogers-Dillon'),
(1234, 'Lisa Parks'),
(1235, 'Laura Gröndahl'),
(1236, 'American Geographical Society of New York'),
(1237, 'Jeff Alexander'),
(1238, 'University of Virginia. Bibliographical Society'),
(1239, 'Brigham Young University'),
(1240, 'Lloyd James Phipps'),
(1241, 'Patrick Agte'),
(1242, 'Oregon Historical Society'),
(1243, 'Albert Rothenberg'),
(1244, 'Bette Greenberg'),
(1245, 'Addison Erwin Sheldon'),
(1246, 'James Lee Sellers'),
(1247, 'James C. Olson'),
(1248, 'Donovan L. Hofsommer'),
(1249, 'Jane I. Dawson'),
(1250, 'Alois Grillmeier'),
(1251, 'Jorge Iber'),
(1252, 'Helene Egnell'),
(1253, 'James Shannon Buchanan'),
(1254, 'Robert Jesse Charleston'),
(1255, 'Thomas G. Burket'),
(1256, 'Perry A. Emrath'),
(1257, 'Cary Gladstone'),
(1258, 'Martin Revai Rupiya'),
(1259, 'Jonathan Lwehabura'),
(1260, 'Len Le Roux'),
(1261, 'British Library. Bibliographic Services Division'),
(1262, 'Issa G. Shivji'),
(1263, 'Audrey B. Hansen'),
(1264, 'Anders Nilsson'),
(1265, 'Donald M. Kington'),
(1266, 'Brenda DuBois'),
(1267, 'Karla Krogsrud Miley'),
(1268, 'Józef Garliński'),
(1269, 'Larry Sawers'),
(1270, 'William K. Tabb'),
(1271, 'Rica Erickson'),
(1272, 'Richard John Giziowski'),
(1273, 'Daniel Avery Pitt'),
(1274, 'Daniel D. Gajski'),
(1275, 'Richard John Kinch'),
(1276, 'Richard Marion Schell'),
(1277, 'Wolfgang J. Poppelbaum'),
(1278, 'Yehoshua Sagiv'),
(1279, 'Hugh Thomas'),
(1280, 'Kit Lavell'),
(1281, 'Judith Morgan Darby'),
(1282, 'Heinz Carl Ziehe'),
(1283, 'Guillermo Náñez Falcón'),
(1284, 'Richard Maurice Hurst'),
(1285, 'Guido Dingerkus'),
(1286, 'Raeburn Flerlage'),
(1287, 'International Council for Traditional Music. Study Group Music and Minorities. Meeting'),
(1288, 'Robert Burns'),
(1289, 'Wilder Bentley'),
(1290, 'Victoria University of Wellington. Department of Library and Information Studies'),
(1291, 'Potpourri Publications Company'),
(1292, 'Dermot McGuinne'),
(1293, 'Steven P. Anderson'),
(1294, 'Tag-Jung Kim'),
(1295, 'Sydney. Public Library of New South Wales'),
(1296, 'Henry Charles Lennox Anderson'),
(1297, 'Oliver Davie'),
(1298, 'National English Documentation Centre (South Africa)'),
(1299, 'Bernard Hugo Rabenstein'),
(1300, 'Ari Kelman'),
(1301, 'Elizabeth A. Watry'),
(1302, 'Michael J. O\'Donnell'),
(1303, 'Laurence G. Thompson'),
(1304, 'Iowa State University. Library'),
(1305, 'Don D. Fowler'),
(1306, 'Thelma Winnie'),
(1307, 'Joachim Ahrens'),
(1308, 'Manuela Stark'),
(1309, 'American Society for Information Science'),
(1310, 'Ruth Tronik'),
(1311, 'Peter Stiff'),
(1312, 'Jeremy Phillips'),
(1313, 'Alison Firth'),
(1314, 'Alan P. Williams'),
(1315, 'Duncan Calow'),
(1316, 'Nicholas Higham'),
(1317, 'Tobe Levin'),
(1318, 'Augustine H. Asaah'),
(1319, 'Natalka Kharytaniuk'),
(1320, 'Lizaveta Hancharova'),
(1321, 'Doreen Watt'),
(1322, 'William Henry Wilson'),
(1323, 'Lorrin L. Morrison'),
(1324, 'Carroll Spear Morrison'),
(1325, 'Steven Givant'),
(1326, 'Hajnal Andréka'),
(1327, 'Academy of Natural Sciences of Philadelphia'),
(1328, 'Jeremiah J. Rushchitsky'),
(1329, 'Sheryl Sandberg'),
(1330, 'Horace Traubel'),
(1331, 'Paul Weller'),
(1332, 'Robert N. Munsch'),
(1333, 'Rachel Lawson'),
(1334, 'Daniel Fernandez Masis'),
(1335, 'Robert Poindexter'),
(1336, 'Victoria Chukalina'),
(1337, 'John J Blenkush');

-- --------------------------------------------------------

--
-- Structure de la table `categorie`
--

DROP TABLE IF EXISTS `categorie`;
CREATE TABLE `categorie` (
  `id` int(11) NOT NULL,
  `nom_categorie` varchar(255) COLLATE utf8mb4_unicode_ci NOT NULL
) ENGINE=InnoDB DEFAULT CHARSET=utf8mb4 COLLATE=utf8mb4_unicode_ci;

--
-- Déchargement des données de la table `categorie`
--

INSERT INTO `categorie` (`id`, `nom_categorie`) VALUES
(757, 'Art'),
(758, 'Political Science'),
(759, 'Science'),
(760, 'Architecture'),
(761, 'History'),
(762, 'Library catalogs'),
(763, 'Language Arts & Disciplines'),
(764, 'Maori (New Zealand people)'),
(765, 'Battles'),
(766, 'Classification'),
(767, 'Psychoanalysis'),
(768, 'Holocaust survivors'),
(769, 'Biography & Autobiography'),
(770, 'Law'),
(771, 'Mormon Church'),
(772, 'Statesmen'),
(773, 'African American historians'),
(774, 'Composers'),
(775, 'New Zealand'),
(776, 'Autographs'),
(777, 'Conifers'),
(778, 'Aeronautics'),
(779, 'Computers'),
(780, 'Catalogs, Classified'),
(781, 'Masterpiece Theatre (Television program)'),
(782, 'Aboriginal Australians'),
(783, 'Country music'),
(784, 'Coastwise shipping'),
(785, 'Geology'),
(786, 'Australian drama'),
(787, 'Lithography'),
(788, 'Jewish leadership'),
(789, 'Illustrated books'),
(790, 'American literature'),
(791, 'Copyright'),
(792, 'Baptists'),
(793, 'Arizona'),
(794, 'Academic writing'),
(795, 'Record clubs'),
(796, 'Catholic ex-priests'),
(797, 'North Carolina'),
(798, 'Folklore'),
(799, 'California'),
(800, 'Agriculture'),
(801, 'Generals'),
(802, 'Business & Economics'),
(803, 'Clitoridectomy'),
(804, 'Rocket research'),
(805, 'Automobile travel'),
(806, 'Kentucky'),
(807, 'Geography'),
(808, 'Comparative civilization'),
(809, 'Washita Campaign, 1868-1869'),
(810, 'Japan'),
(811, 'Social Science'),
(812, 'Theaters'),
(813, 'Bibliography'),
(814, 'Mormons'),
(815, 'Agricultural education'),
(816, 'Electronic journals'),
(817, 'Soldiers'),
(818, 'Northwest, Pacific'),
(819, 'Artists'),
(820, 'Nebraska'),
(821, 'Corporations'),
(822, 'Entomology'),
(823, 'Hispanic Americans'),
(824, 'Cataloging'),
(825, 'Christianity and other religions'),
(826, 'Indians of North America'),
(827, 'Porcelain, English'),
(828, 'EUREKA (Information retrieval system)'),
(829, 'Afghanistan'),
(830, 'Military history'),
(831, 'Deportation'),
(832, 'Civil society'),
(833, 'United States'),
(834, 'MARC formats'),
(835, 'Pan-Africanism'),
(836, 'Television'),
(837, 'Apartheid'),
(838, 'Research'),
(839, 'Military training camps'),
(840, 'Social service'),
(841, 'Guerre mondiale, 1939-1945 - Allemagne'),
(842, 'Cities and towns'),
(843, 'Presbyterian Church'),
(844, 'Australia'),
(845, 'Library science'),
(846, 'Algorithms'),
(847, 'Germany'),
(848, 'Vietnam War, 1961-1975'),
(849, 'Biography'),
(850, 'Lutheran Church'),
(851, 'French Americans'),
(852, 'Cinema films produced by Republic Pictures Corporation, to 1956 Critical studies'),
(853, 'Fishes'),
(854, 'Music'),
(855, 'Ethnomusicology'),
(856, 'Irish type'),
(857, 'Computer algorithms'),
(858, 'Influence (Literary, artistic, etc.)'),
(859, 'Birds'),
(860, 'Archives'),
(861, 'Alphabetizing'),
(862, 'Bar associations'),
(863, 'Canada'),
(864, 'China'),
(865, 'Minorities'),
(866, 'Periodicals'),
(867, 'Anthropology'),
(868, 'Religion'),
(869, 'Information storage and retrieval systems'),
(870, 'Africa, Southern'),
(871, 'Contracts'),
(872, 'Fiction'),
(873, 'English fiction'),
(874, 'Mathematics'),
(875, 'Natural history'),
(876, 'World politics'),
(877, 'Children\'s stories, French'),
(878, 'African Americans'),
(879, 'Landscape painting');

-- --------------------------------------------------------

--
-- Structure de la table `editeur`
--

DROP TABLE IF EXISTS `editeur`;
CREATE TABLE `editeur` (
  `id` int(11) NOT NULL,
  `nom_editeur` varchar(255) COLLATE utf8mb4_unicode_ci NOT NULL
) ENGINE=InnoDB DEFAULT CHARSET=utf8mb4 COLLATE=utf8mb4_unicode_ci;

--
-- Déchargement des données de la table `editeur`
--

INSERT INTO `editeur` (`id`, `nom_editeur`) VALUES
(349, 'University of Arkansas Press'),
(350, 'Princeton University Press'),
(351, 'Alexander Doweld'),
(352, 'African Books Collective'),
(353, 'University of Oklahoma Press'),
(354, 'Routledge'),
(355, 'Univ of California Press'),
(356, 'Syracuse University Press'),
(357, 'University Press of Kentucky'),
(358, 'Forgotten Books'),
(359, 'Texas State Historical Assn'),
(360, 'White Mane Pub'),
(361, 'Public Citizen Group'),
(362, 'Doubleday Books'),
(363, 'Smithsonian Books (DC)'),
(364, 'Wiley'),
(365, 'Angus & Robertson Publishers'),
(366, 'Penobscot Press'),
(367, 'Urj Press'),
(368, 'Pearson'),
(369, 'American Folk Music and Musicians Series'),
(370, 'Saskatoon : Western Producer Prairie Books'),
(371, 'Michael Joseph'),
(372, 'Potomac Books'),
(373, 'Urbana : University of Illinois Press'),
(374, 'Palala Press'),
(375, 'US Naval Institute Press'),
(376, 'Stanford Law and Politics'),
(377, 'Console-Ing Passions'),
(378, 'Michigan State University Press'),
(379, 'Delmar Thomson Learning'),
(380, 'College Station : Texas A&M University Press'),
(381, 'London : Ernest Benn ; Toronto : University of Toronto Press'),
(382, 'Nova Biomedical Books'),
(383, 'Oxford University Press, USA'),
(384, 'London : British Library, Bibliographic Services Division'),
(385, 'Ecasaama/UK'),
(386, 'Two Decades Publishing'),
(387, 'Allyn & Bacon'),
(388, 'Crown'),
(389, 'Leo Cooper Books'),
(390, '4th Estate, Limited'),
(391, 'Judith m Darby'),
(392, 'Metuchen, N.J. : Scarecrow Press'),
(393, 'Blackrock, Company Dublin : Irish Academic Press'),
(394, 'Art Media Resources Limited'),
(395, 'Harvard University Press'),
(396, 'Riverbend'),
(397, 'OUP Oxford'),
(398, 'Ayebia Clarke Publishing'),
(399, 'Kolegium Europy Wschodniej'),
(400, 'Springer'),
(401, 'Springer Science & Business'),
(402, 'JC Lattès'),
(403, 'Palgrave Macmillan'),
(404, 'Éditions La courte échelle'),
(405, 'Createspace Independent Publishing Platform');

-- --------------------------------------------------------

--
-- Structure de la table `emprunt`
--

DROP TABLE IF EXISTS `emprunt`;
CREATE TABLE `emprunt` (
  `id` int(11) NOT NULL,
  `livre_id` int(11) NOT NULL,
  `lecteur_id` int(11) NOT NULL,
  `date_emprunt` datetime NOT NULL,
  `date_rendu` datetime DEFAULT NULL
) ENGINE=InnoDB DEFAULT CHARSET=utf8mb4 COLLATE=utf8mb4_unicode_ci;

--
-- Déchargement des données de la table `emprunt`
--

INSERT INTO `emprunt` (`id`, `livre_id`, `lecteur_id`, `date_emprunt`, `date_rendu`) VALUES
(2024, 1265, 502, '2021-07-21 08:18:54', NULL),
(2025, 1321, 502, '2022-10-23 09:11:06', NULL),
(2026, 1337, 502, '2022-02-08 01:29:37', NULL),
(2027, 1374, 502, '2021-10-18 02:42:56', NULL),
(2028, 1384, 502, '2022-06-16 00:42:35', NULL),
(2029, 1314, 502, '2021-06-27 11:23:36', NULL),
(2030, 1293, 502, '2023-02-02 14:55:11', NULL),
(2031, 1395, 502, '2022-11-20 22:28:45', NULL),
(2032, 1249, 502, '2021-10-19 00:55:04', NULL),
(2033, 1213, 503, '2021-12-30 23:30:45', NULL),
(2034, 1390, 503, '2021-10-01 17:20:01', NULL),
(2035, 1271, 503, '2021-10-19 21:18:09', NULL),
(2036, 1263, 503, '2021-12-06 06:23:46', NULL),
(2037, 1204, 503, '2022-03-01 16:32:43', NULL),
(2038, 1352, 503, '2023-03-07 02:29:13', NULL),
(2039, 1367, 503, '2022-03-06 20:24:29', NULL),
(2040, 1309, 503, '2021-07-31 11:22:41', NULL),
(2041, 1370, 503, '2023-01-15 03:34:23', NULL),
(2042, 1399, 504, '2022-09-15 07:08:23', NULL),
(2043, 1340, 504, '2022-08-30 21:25:26', NULL),
(2044, 1394, 504, '2021-03-30 05:36:34', NULL),
(2045, 1253, 504, '2021-11-01 13:27:43', NULL),
(2046, 1239, 505, '2023-02-03 04:54:56', NULL),
(2047, 1215, 505, '2022-04-26 17:52:26', NULL),
(2048, 1295, 505, '2022-07-21 14:19:09', NULL),
(2049, 1308, 505, '2022-05-05 21:41:51', NULL),
(2050, 1261, 505, '2021-12-17 12:49:45', NULL),
(2051, 1333, 505, '2022-01-23 20:43:45', NULL),
(2052, 1349, 505, '2021-10-19 00:58:38', NULL),
(2053, 1271, 506, '2022-07-26 11:45:39', NULL),
(2054, 1227, 509, '2021-04-25 01:31:48', NULL),
(2055, 1396, 510, '2021-06-23 17:31:18', NULL),
(2056, 1317, 510, '2021-04-10 16:53:18', NULL),
(2057, 1280, 510, '2021-06-25 20:19:59', NULL),
(2058, 1336, 510, '2022-07-03 06:35:15', NULL),
(2059, 1268, 510, '2022-06-26 14:44:39', NULL),
(2060, 1302, 510, '2022-06-03 19:31:41', NULL),
(2061, 1316, 511, '2021-08-08 20:25:15', NULL),
(2062, 1282, 511, '2021-06-14 05:08:36', NULL),
(2063, 1372, 511, '2023-02-16 22:25:53', NULL),
(2064, 1345, 511, '2021-12-13 23:05:01', NULL),
(2065, 1265, 511, '2021-08-14 16:56:33', NULL),
(2066, 1211, 513, '2022-12-20 14:28:11', NULL),
(2067, 1274, 513, '2021-04-04 20:18:16', NULL),
(2068, 1361, 513, '2021-10-25 13:02:45', NULL),
(2069, 1267, 513, '2021-10-07 06:35:10', NULL),
(2070, 1222, 513, '2021-06-09 16:45:06', NULL),
(2071, 1328, 513, '2022-06-06 05:02:49', NULL),
(2072, 1279, 514, '2023-02-22 15:18:36', NULL),
(2073, 1248, 514, '2022-10-14 03:32:26', NULL),
(2074, 1375, 514, '2021-08-31 22:48:39', NULL),
(2075, 1297, 514, '2021-11-30 09:41:38', NULL),
(2076, 1338, 514, '2022-01-26 16:59:02', NULL),
(2077, 1385, 514, '2021-04-25 13:00:32', NULL),
(2078, 1381, 515, '2023-01-29 20:22:43', NULL),
(2079, 1349, 515, '2021-08-01 07:48:17', NULL),
(2080, 1346, 515, '2022-05-01 13:38:41', NULL),
(2081, 1346, 515, '2023-01-22 20:57:53', NULL),
(2082, 1332, 515, '2022-12-03 14:32:12', NULL),
(2083, 1313, 515, '2021-06-12 23:34:04', NULL),
(2084, 1294, 517, '2022-07-21 20:31:34', NULL),
(2085, 1339, 517, '2022-04-13 23:32:42', NULL),
(2086, 1317, 517, '2021-10-07 23:15:07', NULL),
(2087, 1242, 517, '2022-07-01 04:04:24', NULL),
(2088, 1221, 517, '2022-08-08 17:00:46', NULL),
(2089, 1322, 517, '2022-11-08 10:17:23', NULL),
(2090, 1282, 517, '2021-07-29 01:36:21', NULL),
(2091, 1313, 517, '2022-10-30 05:47:26', NULL),
(2092, 1340, 518, '2022-08-01 04:00:25', NULL),
(2093, 1334, 518, '2022-09-26 12:08:44', NULL),
(2094, 1374, 518, '2022-08-24 12:37:13', NULL),
(2095, 1395, 518, '2021-04-03 07:24:40', NULL),
(2096, 1266, 518, '2023-03-17 08:11:07', NULL),
(2097, 1385, 519, '2022-04-09 02:01:22', NULL),
(2098, 1334, 519, '2021-06-06 02:29:47', NULL),
(2099, 1254, 519, '2021-05-10 14:09:31', NULL),
(2100, 1240, 519, '2022-10-16 10:06:11', NULL),
(2101, 1392, 519, '2022-06-07 09:21:33', NULL),
(2102, 1271, 521, '2023-01-23 06:24:05', NULL),
(2103, 1366, 526, '2022-09-16 23:18:21', NULL),
(2104, 1316, 526, '2022-12-01 02:59:44', NULL),
(2105, 1245, 526, '2021-08-07 12:36:13', NULL),
(2106, 1218, 526, '2021-06-12 14:18:11', NULL),
(2107, 1356, 526, '2021-09-06 16:31:55', NULL),
(2108, 1277, 526, '2022-01-24 04:12:03', NULL),
(2109, 1252, 526, '2022-12-13 09:48:52', NULL),
(2110, 1202, 526, '2022-05-24 02:06:50', NULL),
(2111, 1309, 526, '2022-03-18 09:40:00', NULL),
(2112, 1281, 527, '2022-10-17 15:56:54', NULL),
(2113, 1272, 527, '2022-09-26 06:11:09', NULL),
(2114, 1277, 527, '2022-05-27 15:13:43', NULL),
(2115, 1303, 527, '2022-01-30 09:16:01', NULL),
(2116, 1306, 527, '2023-02-03 02:17:51', NULL),
(2117, 1334, 527, '2022-06-27 21:36:37', NULL),
(2118, 1241, 527, '2022-10-21 07:57:39', NULL),
(2119, 1315, 529, '2021-09-27 07:59:48', NULL),
(2120, 1263, 529, '2022-07-10 18:26:00', NULL),
(2121, 1204, 529, '2023-03-03 03:12:16', NULL),
(2122, 1313, 529, '2021-09-08 16:51:11', NULL),
(2123, 1292, 529, '2022-10-12 13:13:53', NULL),
(2124, 1369, 529, '2022-08-05 04:26:01', NULL),
(2125, 1246, 529, '2023-02-05 08:36:57', NULL),
(2126, 1238, 529, '2022-06-02 08:11:48', NULL),
(2127, 1375, 530, '2021-10-28 09:51:45', NULL),
(2128, 1260, 530, '2022-08-25 04:40:18', NULL),
(2129, 1238, 530, '2023-03-13 02:07:59', NULL),
(2130, 1388, 530, '2021-06-09 05:28:45', NULL),
(2131, 1258, 530, '2022-07-22 13:53:40', NULL),
(2132, 1228, 530, '2022-08-25 07:56:48', NULL),
(2133, 1284, 530, '2021-12-12 11:03:54', NULL),
(2134, 1242, 530, '2021-04-07 03:05:33', NULL),
(2135, 1312, 530, '2022-07-02 03:17:06', NULL),
(2136, 1247, 530, '2021-10-29 23:56:42', NULL),
(2137, 1342, 531, '2022-10-02 01:30:40', NULL),
(2138, 1343, 531, '2022-03-05 20:43:40', NULL),
(2139, 1289, 531, '2021-10-29 03:45:51', NULL),
(2140, 1354, 531, '2022-12-03 07:15:08', NULL),
(2141, 1307, 531, '2022-01-18 11:10:24', NULL),
(2142, 1281, 531, '2021-12-23 21:27:50', NULL),
(2143, 1240, 531, '2022-07-28 17:13:59', NULL),
(2144, 1369, 531, '2021-06-23 18:55:49', NULL),
(2145, 1367, 532, '2022-05-14 00:53:43', NULL),
(2146, 1358, 532, '2021-08-24 21:21:29', NULL),
(2147, 1354, 532, '2022-05-05 05:28:56', NULL),
(2148, 1287, 532, '2022-03-13 12:44:41', NULL),
(2149, 1224, 532, '2022-12-10 13:57:26', NULL),
(2150, 1286, 532, '2021-07-22 13:07:23', NULL),
(2151, 1343, 533, '2022-07-11 01:48:06', NULL),
(2152, 1276, 533, '2023-01-09 18:30:34', NULL),
(2153, 1236, 533, '2022-06-12 19:20:45', NULL),
(2154, 1292, 533, '2022-02-04 05:55:48', NULL),
(2155, 1268, 533, '2023-01-19 17:15:55', NULL),
(2156, 1305, 534, '2022-04-02 03:17:20', NULL),
(2157, 1285, 534, '2022-05-28 23:13:49', NULL),
(2158, 1381, 534, '2022-03-18 10:12:01', NULL),
(2159, 1323, 534, '2021-11-08 18:18:53', NULL),
(2160, 1344, 534, '2022-09-28 00:19:00', NULL),
(2161, 1249, 534, '2021-07-24 00:20:19', NULL),
(2162, 1307, 534, '2022-11-24 01:56:43', NULL),
(2163, 1217, 534, '2022-06-01 14:26:35', NULL),
(2164, 1367, 534, '2023-01-31 19:43:23', NULL),
(2165, 1280, 534, '2021-06-01 05:03:45', NULL),
(2166, 1325, 535, '2021-05-24 03:23:25', NULL),
(2167, 1344, 535, '2022-09-18 22:19:45', NULL),
(2168, 1295, 535, '2023-02-21 07:47:17', NULL),
(2169, 1247, 535, '2023-02-22 17:21:20', NULL),
(2170, 1327, 535, '2023-02-21 17:38:08', NULL),
(2171, 1276, 535, '2022-01-26 11:48:54', NULL),
(2172, 1387, 535, '2023-03-04 05:44:55', NULL),
(2173, 1218, 535, '2022-10-04 15:37:36', NULL),
(2174, 1283, 536, '2022-10-14 13:37:19', NULL),
(2175, 1282, 537, '2023-01-19 15:52:31', NULL),
(2176, 1321, 537, '2022-07-24 12:12:55', NULL),
(2177, 1305, 537, '2021-08-31 21:21:13', NULL),
(2178, 1378, 537, '2021-08-07 09:14:41', NULL),
(2179, 1247, 537, '2021-12-09 21:09:46', NULL),
(2180, 1344, 537, '2022-10-02 17:33:52', NULL),
(2181, 1321, 540, '2022-07-07 18:54:19', NULL),
(2182, 1237, 540, '2022-07-09 20:20:21', NULL),
(2183, 1369, 541, '2022-11-26 14:20:08', NULL),
(2184, 1381, 541, '2022-01-30 01:01:03', NULL),
(2185, 1315, 541, '2023-02-09 18:19:16', NULL),
(2186, 1214, 541, '2021-07-04 15:41:43', NULL),
(2187, 1225, 541, '2021-03-31 10:35:51', NULL),
(2188, 1377, 541, '2021-04-21 01:51:44', NULL),
(2189, 1331, 542, '2021-08-17 23:47:59', NULL),
(2190, 1398, 542, '2021-12-21 20:45:02', NULL),
(2191, 1210, 542, '2022-10-06 20:26:13', NULL),
(2192, 1355, 542, '2023-01-18 04:12:29', NULL),
(2193, 1313, 542, '2023-01-25 22:55:27', NULL),
(2194, 1369, 542, '2022-07-24 20:13:22', NULL),
(2195, 1400, 542, '2021-05-15 04:48:16', NULL),
(2196, 1305, 542, '2022-04-20 16:44:31', NULL),
(2197, 1335, 545, '2023-02-24 23:06:51', NULL),
(2198, 1201, 545, '2022-05-17 22:16:26', NULL),
(2199, 1246, 545, '2022-05-30 04:16:57', NULL),
(2200, 1296, 545, '2023-03-07 23:21:08', NULL),
(2201, 1322, 545, '2021-04-02 06:24:03', NULL),
(2202, 1283, 545, '2022-02-12 05:01:51', NULL),
(2203, 1342, 545, '2021-09-16 07:56:18', NULL),
(2204, 1215, 545, '2023-01-18 03:32:45', NULL),
(2205, 1246, 545, '2022-06-22 05:45:46', NULL),
(2206, 1239, 545, '2022-02-07 22:47:17', NULL),
(2207, 1289, 546, '2021-09-30 16:47:33', NULL),
(2208, 1349, 546, '2022-01-17 15:28:57', NULL),
(2209, 1400, 546, '2023-03-22 03:13:50', NULL),
(2210, 1320, 546, '2022-01-02 18:51:00', NULL),
(2211, 1353, 546, '2021-10-07 02:57:32', NULL),
(2212, 1289, 546, '2021-09-01 23:48:22', NULL),
(2213, 1354, 546, '2022-03-06 17:20:45', NULL),
(2214, 1299, 548, '2021-05-10 02:24:56', NULL),
(2215, 1337, 548, '2023-01-16 06:24:16', NULL),
(2216, 1253, 548, '2021-10-23 06:33:12', NULL),
(2217, 1282, 548, '2021-04-06 23:15:43', NULL),
(2218, 1294, 549, '2021-05-15 05:03:14', NULL),
(2219, 1292, 549, '2022-03-11 13:56:39', NULL),
(2220, 1294, 549, '2022-02-02 11:42:18', NULL),
(2221, 1264, 549, '2022-07-02 11:22:26', NULL),
(2222, 1252, 549, '2023-01-21 21:03:00', NULL),
(2223, 1311, 549, '2022-02-15 05:44:44', NULL),
(2224, 1349, 549, '2021-07-14 13:05:47', NULL),
(2225, 1206, 552, '2021-05-30 23:17:46', NULL),
(2226, 1333, 552, '2021-12-25 01:54:52', NULL),
(2227, 1216, 552, '2021-09-27 11:45:08', NULL),
(2228, 1283, 552, '2022-08-28 09:30:42', NULL),
(2229, 1255, 552, '2023-01-03 02:41:03', NULL),
(2230, 1316, 552, '2021-12-05 19:09:38', NULL),
(2231, 1231, 552, '2021-09-11 17:26:43', NULL),
(2232, 1271, 552, '2022-08-27 23:43:09', NULL),
(2233, 1254, 552, '2023-02-05 07:25:05', NULL),
(2234, 1375, 552, '2022-10-22 07:12:25', NULL),
(2235, 1315, 553, '2021-10-29 14:33:34', NULL),
(2236, 1336, 553, '2021-10-11 18:21:30', NULL),
(2237, 1276, 553, '2022-07-23 14:11:40', NULL),
(2238, 1272, 554, '2021-12-16 13:59:34', NULL),
(2239, 1280, 554, '2022-01-31 07:55:58', NULL),
(2240, 1324, 554, '2022-08-30 10:27:42', NULL),
(2241, 1340, 554, '2021-07-14 17:47:16', NULL),
(2242, 1312, 554, '2021-10-11 22:34:50', NULL),
(2243, 1227, 554, '2022-05-07 07:32:03', NULL),
(2244, 1351, 554, '2022-12-16 01:21:50', NULL),
(2245, 1365, 554, '2022-10-17 17:17:36', NULL),
(2246, 1201, 554, '2021-04-02 01:24:19', NULL),
(2247, 1384, 554, '2023-02-05 20:43:17', NULL),
(2248, 1260, 556, '2022-12-13 07:40:47', NULL),
(2249, 1386, 556, '2022-03-07 00:21:51', NULL),
(2250, 1302, 556, '2021-05-04 06:42:54', NULL),
(2251, 1397, 556, '2023-01-23 13:56:10', NULL),
(2252, 1344, 556, '2021-04-03 21:59:06', NULL),
(2253, 1323, 556, '2022-08-20 22:03:37', NULL),
(2254, 1293, 556, '2023-03-20 14:48:17', NULL),
(2255, 1317, 556, '2022-01-06 14:01:15', NULL),
(2256, 1364, 559, '2022-04-06 14:25:08', NULL),
(2257, 1244, 561, '2021-03-30 01:04:33', NULL),
(2258, 1302, 561, '2022-04-24 08:42:52', NULL),
(2259, 1277, 561, '2021-12-30 01:11:28', NULL),
(2260, 1269, 561, '2021-09-13 00:42:15', NULL),
(2261, 1289, 561, '2022-05-08 20:51:26', NULL),
(2262, 1238, 564, '2021-12-17 05:00:40', NULL),
(2263, 1237, 564, '2021-09-04 19:20:14', NULL),
(2264, 1212, 564, '2022-07-19 19:23:59', NULL),
(2265, 1352, 564, '2022-05-10 22:41:59', NULL),
(2266, 1368, 564, '2021-11-06 03:56:46', NULL),
(2267, 1255, 564, '2022-09-24 03:36:02', NULL),
(2268, 1290, 564, '2021-08-14 01:45:20', NULL),
(2269, 1383, 565, '2022-10-22 20:06:54', NULL),
(2270, 1355, 565, '2021-04-14 09:07:27', NULL),
(2271, 1272, 565, '2021-06-13 16:22:55', NULL),
(2272, 1400, 565, '2022-03-17 12:38:19', NULL),
(2273, 1221, 565, '2022-12-07 13:15:17', NULL),
(2274, 1341, 565, '2022-04-30 16:15:17', NULL),
(2275, 1241, 565, '2021-12-12 09:52:47', NULL),
(2276, 1346, 565, '2021-10-03 04:16:05', NULL),
(2277, 1360, 565, '2022-07-21 14:10:33', NULL),
(2278, 1288, 565, '2022-01-22 13:56:49', NULL),
(2279, 1308, 566, '2022-08-12 19:10:21', NULL),
(2280, 1280, 566, '2023-03-21 18:01:37', NULL),
(2281, 1381, 566, '2021-06-30 02:44:53', NULL),
(2282, 1271, 566, '2022-07-08 04:15:23', NULL),
(2283, 1233, 566, '2021-10-29 09:55:23', NULL),
(2284, 1298, 566, '2022-06-20 07:47:52', NULL),
(2285, 1241, 566, '2021-06-28 14:48:48', NULL),
(2286, 1354, 566, '2023-02-19 19:07:04', NULL),
(2287, 1242, 566, '2022-05-31 21:14:44', NULL),
(2288, 1211, 568, '2021-11-16 01:18:36', NULL),
(2289, 1234, 568, '2023-01-24 06:46:17', NULL),
(2290, 1281, 568, '2021-07-18 10:00:10', NULL),
(2291, 1371, 572, '2022-10-03 21:12:41', NULL),
(2292, 1298, 572, '2021-10-22 11:04:32', NULL),
(2293, 1288, 572, '2022-10-28 02:57:57', NULL),
(2294, 1265, 572, '2021-08-12 05:21:18', NULL),
(2295, 1276, 572, '2021-09-27 15:41:54', NULL),
(2296, 1399, 572, '2022-10-11 18:31:51', NULL),
(2297, 1373, 572, '2022-06-21 11:13:14', NULL),
(2298, 1317, 572, '2022-04-10 12:26:10', NULL),
(2299, 1266, 572, '2022-07-30 12:35:38', NULL),
(2300, 1399, 572, '2022-07-02 08:14:17', NULL),
(2301, 1218, 573, '2022-01-25 18:17:18', NULL),
(2302, 1249, 573, '2022-01-02 01:58:53', NULL),
(2303, 1220, 573, '2022-05-05 18:11:08', NULL),
(2304, 1321, 573, '2022-02-27 19:42:34', NULL),
(2305, 1246, 573, '2022-07-01 15:52:52', NULL),
(2306, 1252, 573, '2022-08-12 10:50:48', NULL),
(2307, 1273, 573, '2023-02-02 19:11:19', NULL),
(2308, 1350, 573, '2023-02-06 12:51:35', NULL),
(2309, 1309, 573, '2021-11-28 12:28:21', NULL),
(2310, 1291, 573, '2022-09-28 19:34:54', NULL),
(2311, 1357, 575, '2022-09-30 05:48:24', NULL),
(2312, 1263, 575, '2021-10-06 21:58:53', NULL),
(2313, 1253, 575, '2022-03-06 22:41:56', NULL),
(2314, 1377, 576, '2022-03-22 05:29:41', NULL),
(2315, 1391, 576, '2021-03-31 16:56:30', NULL),
(2316, 1278, 576, '2021-05-30 21:11:59', NULL),
(2317, 1294, 576, '2023-02-21 19:24:49', NULL),
(2318, 1290, 576, '2021-12-04 15:41:06', NULL),
(2319, 1299, 576, '2022-05-21 18:50:38', NULL),
(2320, 1393, 576, '2022-12-10 21:52:51', NULL),
(2321, 1313, 576, '2022-03-17 17:30:44', NULL),
(2322, 1335, 578, '2022-04-24 08:32:24', NULL),
(2323, 1305, 578, '2022-03-02 12:43:09', NULL),
(2324, 1236, 578, '2022-07-08 01:17:55', NULL),
(2325, 1270, 578, '2021-08-03 01:22:13', NULL),
(2326, 1238, 578, '2021-07-26 08:15:21', NULL),
(2327, 1397, 578, '2022-06-09 02:18:25', NULL),
(2328, 1212, 578, '2021-05-18 06:30:41', NULL),
(2329, 1254, 578, '2022-08-24 21:37:41', NULL),
(2330, 1355, 578, '2021-09-20 22:35:56', NULL),
(2331, 1354, 578, '2023-01-29 21:16:04', NULL),
(2332, 1211, 579, '2021-04-19 20:51:49', NULL),
(2333, 1377, 579, '2022-09-25 17:50:54', NULL),
(2334, 1218, 580, '2021-10-22 11:15:09', NULL),
(2335, 1383, 580, '2022-07-17 07:01:42', NULL),
(2336, 1367, 580, '2021-07-10 23:34:46', NULL),
(2337, 1205, 580, '2022-06-17 19:55:28', NULL),
(2338, 1334, 580, '2022-11-29 02:24:53', NULL),
(2339, 1354, 580, '2022-04-16 04:02:49', NULL),
(2340, 1320, 580, '2022-04-06 16:35:20', NULL),
(2341, 1243, 580, '2021-04-05 12:08:56', NULL),
(2342, 1322, 582, '2021-05-16 22:36:52', NULL),
(2343, 1341, 582, '2021-12-27 01:41:29', NULL),
(2344, 1258, 582, '2022-11-25 09:20:54', NULL),
(2345, 1400, 582, '2023-02-15 21:29:41', NULL),
(2346, 1344, 582, '2021-10-27 22:56:03', NULL),
(2347, 1239, 582, '2022-12-23 14:58:37', NULL),
(2348, 1398, 582, '2021-12-12 07:44:31', NULL),
(2349, 1361, 582, '2022-09-17 20:43:15', NULL),
(2350, 1357, 583, '2021-09-20 22:07:40', NULL),
(2351, 1322, 583, '2022-04-13 08:08:53', NULL),
(2352, 1357, 584, '2021-06-23 07:33:53', NULL),
(2353, 1274, 584, '2021-09-15 02:37:35', NULL),
(2354, 1344, 584, '2022-09-28 04:19:30', NULL),
(2355, 1398, 585, '2022-09-28 18:48:58', NULL),
(2356, 1328, 585, '2022-05-22 07:58:56', NULL),
(2357, 1296, 585, '2021-04-06 16:06:29', NULL),
(2358, 1362, 585, '2023-02-17 08:26:47', NULL),
(2359, 1357, 585, '2022-06-23 16:44:18', NULL),
(2360, 1242, 586, '2023-03-25 01:01:13', NULL),
(2361, 1266, 588, '2021-10-05 09:41:06', NULL),
(2362, 1209, 588, '2021-04-19 04:08:21', NULL),
(2363, 1257, 588, '2022-01-04 21:05:38', NULL),
(2364, 1363, 588, '2022-04-21 23:54:50', NULL),
(2365, 1363, 588, '2022-10-23 11:59:45', NULL),
(2366, 1362, 589, '2021-12-13 13:20:18', NULL),
(2367, 1374, 589, '2022-04-16 06:23:38', NULL),
(2368, 1384, 590, '2022-04-05 11:38:30', NULL),
(2369, 1382, 590, '2022-10-07 11:38:31', NULL),
(2370, 1293, 590, '2021-03-29 05:35:46', NULL),
(2371, 1314, 590, '2022-02-11 16:21:56', NULL),
(2372, 1205, 590, '2021-07-12 16:02:09', NULL),
(2373, 1253, 590, '2022-02-08 23:35:51', NULL),
(2374, 1259, 590, '2022-03-07 12:23:39', NULL),
(2375, 1285, 590, '2022-02-26 13:45:35', NULL),
(2376, 1261, 591, '2021-04-11 19:06:19', NULL),
(2377, 1377, 591, '2021-04-15 03:15:07', NULL),
(2378, 1388, 591, '2022-12-05 17:49:27', NULL),
(2379, 1341, 591, '2022-02-06 23:35:17', NULL),
(2380, 1231, 591, '2022-07-31 02:15:47', NULL),
(2381, 1295, 591, '2021-11-22 21:33:42', NULL),
(2382, 1216, 593, '2022-04-13 05:20:13', NULL),
(2383, 1251, 593, '2022-06-01 17:46:51', NULL),
(2384, 1253, 593, '2021-09-24 16:02:55', NULL),
(2385, 1252, 593, '2022-03-04 07:53:22', NULL),
(2386, 1220, 593, '2021-12-14 22:26:52', NULL),
(2387, 1331, 593, '2021-04-23 23:58:50', NULL),
(2388, 1243, 593, '2022-07-11 03:30:29', NULL),
(2389, 1290, 593, '2021-10-14 10:51:47', NULL),
(2390, 1385, 593, '2021-08-09 13:44:59', NULL),
(2391, 1323, 595, '2021-04-26 02:20:15', NULL),
(2392, 1351, 596, '2022-09-11 08:12:13', NULL),
(2393, 1367, 596, '2022-02-08 08:04:55', NULL),
(2394, 1203, 596, '2021-07-09 06:44:51', NULL),
(2395, 1247, 596, '2022-06-01 19:55:23', NULL),
(2396, 1265, 596, '2022-11-19 05:29:26', NULL),
(2397, 1300, 596, '2023-02-09 05:51:28', NULL),
(2398, 1257, 598, '2022-04-20 20:49:55', NULL),
(2399, 1361, 598, '2022-12-14 19:47:23', NULL),
(2400, 1232, 600, '2023-02-08 23:04:31', NULL),
(2401, 1250, 600, '2023-02-23 02:33:56', NULL),
(2402, 1236, 600, '2022-04-25 02:08:52', NULL),
(2403, 1382, 600, '2021-08-02 08:48:27', NULL),
(2404, 1265, 600, '2022-01-03 10:33:17', NULL),
(2405, 1290, 600, '2023-02-15 11:22:06', NULL),
(2406, 1320, 600, '2022-05-02 19:02:05', NULL),
(2407, 1297, 600, '2022-05-20 12:43:58', NULL),
(2408, 1302, 600, '2022-04-11 01:43:15', NULL),
(2409, 1353, 600, '2022-07-22 22:06:11', NULL),
(2410, 1263, 601, '2022-03-20 21:40:43', NULL),
(2411, 1332, 601, '2022-09-16 21:02:59', NULL),
(2412, 1340, 601, '2022-11-17 10:04:49', NULL),
(2413, 1314, 601, '2021-12-04 09:28:31', NULL);

-- --------------------------------------------------------

--
-- Structure de la table `langue`
--

DROP TABLE IF EXISTS `langue`;
CREATE TABLE `langue` (
  `id` int(11) NOT NULL,
  `libelle_langue` varchar(255) COLLATE utf8mb4_unicode_ci NOT NULL,
  `nom_langue` varchar(255) COLLATE utf8mb4_unicode_ci NOT NULL
) ENGINE=InnoDB DEFAULT CHARSET=utf8mb4 COLLATE=utf8mb4_unicode_ci;

--
-- Déchargement des données de la table `langue`
--

INSERT INTO `langue` (`id`, `libelle_langue`, `nom_langue`) VALUES
(19, 'en', 'en'),
(20, 'iw', 'iw'),
(21, 'fr', 'fr');

-- --------------------------------------------------------

--
-- Structure de la table `lecteur`
--

DROP TABLE IF EXISTS `lecteur`;
CREATE TABLE `lecteur` (
  `id` int(11) NOT NULL,
  `email` varchar(180) COLLATE utf8mb4_unicode_ci NOT NULL,
  `roles` longtext COLLATE utf8mb4_unicode_ci NOT NULL COMMENT '(DC2Type:json)',
  `password` varchar(255) COLLATE utf8mb4_unicode_ci NOT NULL,
  `nom_lecteur` varchar(255) COLLATE utf8mb4_unicode_ci NOT NULL,
  `prenom_lecteur` varchar(255) COLLATE utf8mb4_unicode_ci NOT NULL,
  `image_de_profil` longblob DEFAULT NULL,
  `token` varchar(255) COLLATE utf8mb4_unicode_ci DEFAULT NULL
) ENGINE=InnoDB DEFAULT CHARSET=utf8mb4 COLLATE=utf8mb4_unicode_ci;

--
-- Déchargement des données de la table `lecteur`
--

INSERT INTO `lecteur` (`id`, `email`, `roles`, `password`, `nom_lecteur`, `prenom_lecteur`, `image_de_profil`, `token`) VALUES
(502, 'nuria.nieto@example.com', '[]', '198becaf9c45016fec5d9bcd2e8d748de6b44a26cd4cc35ea72b670e665dff79', 'Nieto', 'Nuria', 0x68747470733a2f2f72616e646f6d757365722e6d652f6170692f706f727472616974732f776f6d656e2f38362e6a7067, NULL),
(503, 'ariane.mitchell@example.com', '[]', '7c89187f8884524fa3226f25ecac2116520620e00c5c32464f48d00dda0ddc56', 'Mitchell', 'Ariane', 0x68747470733a2f2f72616e646f6d757365722e6d652f6170692f706f727472616974732f776f6d656e2f31372e6a7067, NULL),
(504, 'hudson.ambrose@example.com', '[]', 'c05951e8ce2dfc7d11804ff619184eb9123197685f178d9325fc9b3bd08124b8', 'Ambrose', 'Hudson', 0x68747470733a2f2f72616e646f6d757365722e6d652f6170692f706f727472616974732f6d656e2f33332e6a7067, NULL),
(505, 'saloni.chiplunkar@example.com', '[]', '08b5c415580df07d661a655b0bf0a82ce9610a8ed79d25a6a94ee85de0c85e62', 'Chiplunkar', 'Saloni', 0x68747470733a2f2f72616e646f6d757365722e6d652f6170692f706f727472616974732f776f6d656e2f37332e6a7067, NULL),
(506, 'hmd.kmyrn@example.com', '[]', '162094c4d87101ff5aca2e655c39a40744052b4e1deb3f100391d45946db0bec', 'كامياران', 'حامد', 0x68747470733a2f2f72616e646f6d757365722e6d652f6170692f706f727472616974732f6d656e2f33302e6a7067, NULL),
(507, 'leandre.robert@example.com', '[]', '0f20a0190d87a4c4659060f79fec24fb0bef76808950c6b8fd4b52daf7fc23d5', 'Robert', 'Léandre', 0x68747470733a2f2f72616e646f6d757365722e6d652f6170692f706f727472616974732f6d656e2f32332e6a7067, NULL),
(508, 'svyatogor.bogachenko@example.com', '[]', 'ad1f3889d0032e7c2791053060e4c044837353325fbd42cdeeef65638ed31c2a', 'Bogachenko', 'Svyatogor', 0x68747470733a2f2f72616e646f6d757365722e6d652f6170692f706f727472616974732f6d656e2f38352e6a7067, NULL),
(509, 'gavin.lambert@example.com', '[]', '7c492f3824ca5deae2eb70f2685abe516228f4dba100d5ad3a7477a82415690a', 'Lambert', 'Gavin', 0x68747470733a2f2f72616e646f6d757365722e6d652f6170692f706f727472616974732f6d656e2f33342e6a7067, NULL),
(510, 'sedef.yalcin@example.com', '[]', '05eb88618ee3ff805b6f893e356cfb92fb453797c5ff495310fab4601562420c', 'Yalçın', 'Sedef', 0x68747470733a2f2f72616e646f6d757365722e6d652f6170692f706f727472616974732f776f6d656e2f36372e6a7067, NULL),
(511, 'hsty.glshn@example.com', '[]', '9a1ef8e9abb02eb32f701f8a8b5e29ec83904b8767285bf788dbeef8be236e3c', 'گلشن', 'هستی', 0x68747470733a2f2f72616e646f6d757365722e6d652f6170692f706f727472616974732f776f6d656e2f38352e6a7067, NULL),
(512, 'jasper.niehues@example.com', '[]', '43ff792d79f75890d3c5181739783889bf9ef4a9397cc8d2fc0ea543ce5a30f7', 'Niehues', 'Jasper', 0x68747470733a2f2f72616e646f6d757365722e6d652f6170692f706f727472616974732f6d656e2f35332e6a7067, NULL),
(513, 'mario.ortiz@example.com', '[]', '8ee33cb1612204b475c92b4157cca81efba5a934a91eda766ddb6a1cdc89f346', 'Ortiz', 'Mario', 0x68747470733a2f2f72616e646f6d757365722e6d652f6170692f706f727472616974732f6d656e2f39352e6a7067, NULL),
(514, 'alicja.gjesdal@example.com', '[]', '16af0577252ea2fc2b73260d8fe6a4e73155e9f83bb234588b561ab01c9bca6b', 'Gjesdal', 'Alicja', 0x68747470733a2f2f72616e646f6d757365722e6d652f6170692f706f727472616974732f776f6d656e2f31382e6a7067, NULL),
(515, 'batur.oymen@example.com', '[]', '9df6b026a8c6c26e3c3acd2370a16e93fffdc0015ff5bd879218788025db0280', 'Öymen', 'Batur', 0x68747470733a2f2f72616e646f6d757365722e6d652f6170692f706f727472616974732f6d656e2f39322e6a7067, NULL),
(516, 'erica.hale@example.com', '[]', 'a7996bbcd2b449e77e67eec4d2b0ba8872fbd9069dedf52ff2d8d06e12df9cd3', 'Hale', 'Erica', 0x68747470733a2f2f72616e646f6d757365722e6d652f6170692f706f727472616974732f776f6d656e2f35392e6a7067, NULL),
(517, 'troyana.androshchuk@example.com', '[]', 'f342a935930b9102b18915b82e964a9e7ee05273fcf6cd81c5e71900321098c1', 'Androshchuk', 'Troyana', 0x68747470733a2f2f72616e646f6d757365722e6d652f6170692f706f727472616974732f776f6d656e2f38392e6a7067, NULL),
(518, 'florencia.molina@example.com', '[]', '5fcf9c99c9b561be0e3e4933d3063f235fb14e9a455af96e6489edbc9942e1e6', 'Molina', 'Florencia', 0x68747470733a2f2f72616e646f6d757365722e6d652f6170692f706f727472616974732f776f6d656e2f36332e6a7067, NULL),
(519, 'fatima.roman@example.com', '[]', '00154761637ca746c354a6d9cfbf1da1a92e79afa6bb127bb8a1c434e9c73170', 'Román', 'Fátima', 0x68747470733a2f2f72616e646f6d757365722e6d652f6170692f706f727472616974732f776f6d656e2f36362e6a7067, NULL),
(520, 'maeline.mercier@example.com', '[]', 'a0f9ef9e841e1acfef0bb7f94ea435c8cd69c8e5aa5210d88ba439de159a87f5', 'Mercier', 'Maëline', 0x68747470733a2f2f72616e646f6d757365722e6d652f6170692f706f727472616974732f776f6d656e2f37382e6a7067, NULL),
(521, 'jacob.petersen@example.com', '[]', 'baff4fb62c8b1c5a7934aeb176930b58670bc06d1db866b398b7a511a6b90f25', 'Petersen', 'Jacob', 0x68747470733a2f2f72616e646f6d757365722e6d652f6170692f706f727472616974732f6d656e2f39372e6a7067, NULL),
(522, 'adele.meunier@example.com', '[]', 'd54e8c0e9f538b7b268e7e23d54a8a70721e9d6ef33a0390d150441fc0434073', 'Meunier', 'Adèle', 0x68747470733a2f2f72616e646f6d757365722e6d652f6170692f706f727472616974732f776f6d656e2f37342e6a7067, NULL),
(523, 'danijela.riviere@example.com', '[]', '61c27e8f0113e099eec188d1891f84dbf43c216ed1441796a4ca14efa0c05106', 'Riviere', 'Danijela', 0x68747470733a2f2f72616e646f6d757365722e6d652f6170692f706f727472616974732f776f6d656e2f342e6a7067, NULL),
(524, 'buse.sezek@example.com', '[]', '525b91f5781182f7fa81bc8aca7d37652632cd55f09b139a5817b112007b3e02', 'Sezek', 'Buse', 0x68747470733a2f2f72616e646f6d757365722e6d652f6170692f706f727472616974732f776f6d656e2f36362e6a7067, NULL),
(525, 'owen.simon@example.com', '[]', '8f3c0aab3718b611dd021d6bf8d97040a896945b044e1efff993b456ecd7a986', 'Simon', 'Owen', 0x68747470733a2f2f72616e646f6d757365722e6d652f6170692f706f727472616974732f6d656e2f37392e6a7067, NULL),
(526, 'hitesh.bharanya@example.com', '[]', '98c0f87ec38b0c86817cfa9dc9d894a3468b611048f45060729509505d4543b5', 'Bharanya', 'Hitesh', 0x68747470733a2f2f72616e646f6d757365722e6d652f6170692f706f727472616974732f6d656e2f38372e6a7067, NULL),
(527, 'mhy.qsmy@example.com', '[]', 'e54fc6b51915e222ba6196747a19ebb8dfa651fd2b46a385a0ded647fbfefda0', 'قاسمی', 'محیا', 0x68747470733a2f2f72616e646f6d757365722e6d652f6170692f706f727472616974732f776f6d656e2f31342e6a7067, NULL),
(528, 'tyler.smith@example.com', '[]', '3220a39228bc7a963b29aafcf511c8a83c17bc719b97210757123c93845060a8', 'Smith', 'Tyler', 0x68747470733a2f2f72616e646f6d757365722e6d652f6170692f706f727472616974732f6d656e2f36362e6a7067, NULL),
(529, 'estela.ocampo@example.com', '[]', '05ac8744ffc3055bb3ec9c4abdf45bd9f1aa54fefae01b0e2d1a3ffc6beed516', 'Ocampo', 'Estela', 0x68747470733a2f2f72616e646f6d757365722e6d652f6170692f706f727472616974732f776f6d656e2f35392e6a7067, NULL),
(530, 'simon.grewal@example.com', '[]', '8e9c543a5078f214519170192b6c94ff35050b83cf0c946a950a1b5c731f9041', 'Grewal', 'Simon', 0x68747470733a2f2f72616e646f6d757365722e6d652f6170692f706f727472616974732f6d656e2f38392e6a7067, NULL),
(531, 'vekla.kohanovskiy@example.com', '[]', 'a667e04dd7c8c794ad2719b5a41e6e203c3a6d35dc603a09e03413b24834b0f1', 'Kohanovskiy', 'Vekla', 0x68747470733a2f2f72616e646f6d757365722e6d652f6170692f706f727472616974732f776f6d656e2f36372e6a7067, NULL),
(532, 'charline.vincent@example.com', '[]', '08bb42a30ca57f3455e11ac74fd30eae1196b25a9e7d634bfc5704d542ab7d20', 'Vincent', 'Charline', 0x68747470733a2f2f72616e646f6d757365722e6d652f6170692f706f727472616974732f776f6d656e2f31382e6a7067, NULL),
(533, 'vere.ekelmans@example.com', '[]', 'e7e35527b66e2f3ca46b0d68b3009528d5ce4570c6abf648fd41f58c116662ab', 'Ekelmans', 'Vere', 0x68747470733a2f2f72616e646f6d757365722e6d652f6170692f706f727472616974732f776f6d656e2f38312e6a7067, NULL),
(534, 'natasa.roux@example.com', '[]', 'fba2eac3ee47ff78190eab8acfc21686955e4aed6fd45a5524ad84b537aeeb23', 'Roux', 'Natasa', 0x68747470733a2f2f72616e646f6d757365722e6d652f6170692f706f727472616974732f776f6d656e2f38372e6a7067, NULL),
(535, 'siegmund.kocher@example.com', '[]', '63d81dc574543a4e9eca3a1fd5f4938a8ed5b1fea99f681147c0d25c24239ff5', 'Köcher', 'Siegmund', 0x68747470733a2f2f72616e646f6d757365722e6d652f6170692f706f727472616974732f6d656e2f32322e6a7067, NULL),
(536, 'puck.vanheteren@example.com', '[]', '3972905cc58310b37c7989feb13592ea71cf0902fd0fe4415782ece0c469d22c', 'Van Heteren', 'Puck', 0x68747470733a2f2f72616e646f6d757365722e6d652f6170692f706f727472616974732f6d656e2f35372e6a7067, NULL),
(537, 'mara.thomas@example.com', '[]', 'aa6890829510931f9593852ec1d97209340be9883c8b675accdd54b582e32219', 'Thomas', 'Mara', 0x68747470733a2f2f72616e646f6d757365722e6d652f6170692f706f727472616974732f776f6d656e2f31322e6a7067, NULL),
(538, 'aurora.jackson@example.com', '[]', 'b2fd5cdba2b1484db46c26a3426f70878d2b31f44f18f806fd262f34887a6320', 'Jackson', 'Aurora', 0x68747470733a2f2f72616e646f6d757365722e6d652f6170692f706f727472616974732f776f6d656e2f322e6a7067, NULL),
(539, 'helmi.huhta@example.com', '[]', 'ad95d5fa651ba86d8923fe1238d24a4f1988a752acfe426ac72ac7c04471bc17', 'Huhta', 'Helmi', 0x68747470733a2f2f72616e646f6d757365722e6d652f6170692f706f727472616974732f776f6d656e2f35362e6a7067, NULL),
(540, 'erik.skjelstad@example.com', '[]', 'a9a3e38ee26db300babf5cae260726d1896b450b80b567694731ace5bae80077', 'Skjelstad', 'Erik', 0x68747470733a2f2f72616e646f6d757365722e6d652f6170692f706f727472616974732f6d656e2f372e6a7067, NULL),
(541, 'suhasini.kini@example.com', '[]', '6c2d908d4726e707457a68f8632bb35ceaa60bcc0c09f4da86715c8e0f7e1a59', 'Kini', 'Suhasini', 0x68747470733a2f2f72616e646f6d757365722e6d652f6170692f706f727472616974732f776f6d656e2f31302e6a7067, NULL),
(542, 'mateo.louis@example.com', '[]', 'e195b8562e0b911022bd0b2e147abae843d0dff267e4e90509452202b63a2aac', 'Louis', 'Mateo', 0x68747470733a2f2f72616e646f6d757365722e6d652f6170692f706f727472616974732f6d656e2f37312e6a7067, NULL),
(543, 'silviane.pinto@example.com', '[]', '658a39f88a25d0fb5b4b79454e789e07c4e82e197ab3027433cc07240578f7a0', 'Pinto', 'Silviane', 0x68747470733a2f2f72616e646f6d757365722e6d652f6170692f706f727472616974732f776f6d656e2f36392e6a7067, NULL),
(544, 'juan.bravo@example.com', '[]', 'a48d5070d43504bd148373eeeefbc5390b5d31d12422a5467c0bef6835f4f090', 'Bravo', 'Juan', 0x68747470733a2f2f72616e646f6d757365722e6d652f6170692f706f727472616974732f6d656e2f32322e6a7067, NULL),
(545, 'lovise.hirsi@example.com', '[]', 'aa866f38a639692f90aa5396faf5e50012af2edd49b01b513d6ac1de3e697022', 'Hirsi', 'Lovise', 0x68747470733a2f2f72616e646f6d757365722e6d652f6170692f706f727472616974732f776f6d656e2f37362e6a7067, NULL),
(546, 'hmd.ysmy@example.com', '[]', 'aca5fb59db69e5dffeda36ff0bd65205f16720b7fa1893c4557e9216dfc276d5', 'یاسمی', 'حامد', 0x68747470733a2f2f72616e646f6d757365722e6d652f6170692f706f727472616974732f6d656e2f35342e6a7067, NULL),
(547, 'ivo.lemaire@example.com', '[]', '5330e8f20aac22d5c299072da2a36dd4945ff1eaa409442215c1c15492ffb2bc', 'Lemaire', 'Ivo', 0x68747470733a2f2f72616e646f6d757365722e6d652f6170692f706f727472616974732f6d656e2f36382e6a7067, NULL),
(548, 'sophie.adam@example.com', '[]', '0df89317e02535902d116be0f27294a75145339bf4af53fb35131aea8071a0e1', 'Adam', 'Sophie', 0x68747470733a2f2f72616e646f6d757365722e6d652f6170692f706f727472616974732f776f6d656e2f33322e6a7067, NULL),
(549, 'leposava.peric@example.com', '[]', '38102b4b8d453fbae854c177c7baad3e4fa42407b104b220dfb42837fb562db2', 'Perić', 'Leposava', 0x68747470733a2f2f72616e646f6d757365722e6d652f6170692f706f727472616974732f776f6d656e2f37382e6a7067, NULL),
(550, 'marta.montero@example.com', '[]', 'e8032604447171cc6e65cfb98ff38ccbf9f5f9113e0cb63060533ed86ad0032e', 'Montero', 'Marta', 0x68747470733a2f2f72616e646f6d757365722e6d652f6170692f706f727472616974732f776f6d656e2f35312e6a7067, NULL),
(551, 'raymond.rivera@example.com', '[]', '9028983a555ab64650a80e31f44e6bdd57bc7ef1aa437575040bbc9dfdb1353d', 'Rivera', 'Raymond', 0x68747470733a2f2f72616e646f6d757365722e6d652f6170692f706f727472616974732f6d656e2f39332e6a7067, NULL),
(552, 'alan.helm@example.com', '[]', '640ac649d15fb4262a30313816644f1f88714b824769549fe3c34fb0fe896af9', 'Helm', 'Alan', 0x68747470733a2f2f72616e646f6d757365722e6d652f6170692f706f727472616974732f6d656e2f34382e6a7067, NULL),
(553, 'shreedevi.pai@example.com', '[]', '97d2ef8a21656cc908ed097da29c9e586cec09e0314510196420a97353b26848', 'Pai', 'Shreedevi', 0x68747470733a2f2f72616e646f6d757365722e6d652f6170692f706f727472616974732f776f6d656e2f362e6a7067, NULL),
(554, 'benjamin.moreno@example.com', '[]', '7405e3ef4da7fd778b4ce109a90d176e0957190dff8097a380b62b1e362d9c51', 'Moreno', 'Benjamin', 0x68747470733a2f2f72616e646f6d757365722e6d652f6170692f706f727472616974732f6d656e2f34332e6a7067, NULL),
(555, 'ursula.bonnet@example.com', '[]', '2f934b37bf18abd13ee7fb522b20675d16c8ddeb27d3723f51c5b5573cee566b', 'Bonnet', 'Ursula', 0x68747470733a2f2f72616e646f6d757365722e6d652f6170692f706f727472616974732f776f6d656e2f35302e6a7067, NULL),
(556, 'eloisa.regalado@example.com', '[]', 'cfa5b483895333db22f123afb255da2f637acb591c1c2a2277b68a928d94d8a1', 'Regalado', 'Eloisa', 0x68747470733a2f2f72616e646f6d757365722e6d652f6170692f706f727472616974732f776f6d656e2f35302e6a7067, NULL),
(557, 'avrora.bezshchasniy@example.com', '[]', '20ee235b5de5b36244da6f9aa1cbdd032a90867ba92276ccc8c38c0d0d57fcec', 'Bezshchasniy', 'Avrora', 0x68747470733a2f2f72616e646f6d757365722e6d652f6170692f706f727472616974732f776f6d656e2f322e6a7067, NULL),
(558, 'kate.li@example.com', '[]', '0682c5f2076f099c34cfdd15a9e063849ed437a49677e6fcc5b4198c76575be5', 'Li', 'Kate', 0x68747470733a2f2f72616e646f6d757365722e6d652f6170692f706f727472616974732f776f6d656e2f38392e6a7067, NULL),
(559, 'june.hunt@example.com', '[]', '2548f31aef0b49b8c60eae8e3a3eff5938cb8154b6a6f286d21c8c82e6a66563', 'Hunt', 'June', 0x68747470733a2f2f72616e646f6d757365722e6d652f6170692f706f727472616974732f776f6d656e2f38302e6a7067, NULL),
(560, 'udo.damm@example.com', '[]', '4f929de7d79a16a156fd1d0c5c563a6e7a158e46052dd96a92a353708a2ec4d8', 'Damm', 'Udo', 0x68747470733a2f2f72616e646f6d757365722e6d652f6170692f706f727472616974732f6d656e2f34382e6a7067, NULL),
(561, 'antonio.fuentes@example.com', '[]', 'df6b07176a9b17cc4c9afc257bd404732e7d09b76436c7890f7b7be14e579794', 'Fuentes', 'Antonio', 0x68747470733a2f2f72616e646f6d757365722e6d652f6170692f706f727472616974732f6d656e2f33382e6a7067, NULL),
(562, 'julian.vasquez@example.com', '[]', '0892f5ba91dd9511c6279fb9aa6887b5c9b7fa2481e945498eca97b6c4362d22', 'Vásquez', 'Julian', 0x68747470733a2f2f72616e646f6d757365722e6d652f6170692f706f727472616974732f6d656e2f39392e6a7067, NULL),
(563, 'khyn.njty@example.com', '[]', 'c006664e73b7f760403f9cb15692d85b45be9dab510c112913f7aec2acfc1fef', 'نجاتی', 'کیانا', 0x68747470733a2f2f72616e646f6d757365722e6d652f6170692f706f727472616974732f776f6d656e2f38372e6a7067, NULL),
(564, 'faust.andrushko@example.com', '[]', 'd8239e97d96a60109c65d65e8a480988fe9a8dc86d9a980ec51c7391d1396637', 'Andrushko', 'Faust', 0x68747470733a2f2f72616e646f6d757365722e6d652f6170692f706f727472616974732f6d656e2f38312e6a7067, NULL),
(565, 'cleo.leclercq@example.com', '[]', 'ed49887b003c3fc77e98e329dd814453eeecee252775e8f088d27008d81c71e8', 'Leclercq', 'Cléo', 0x68747470733a2f2f72616e646f6d757365722e6d652f6170692f706f727472616974732f6d656e2f36312e6a7067, NULL),
(566, 'dominik.saevik@example.com', '[]', '1ec4ed037766aa181d8840ad04b9fc6e195fd37dedc04c98a5767a67d3758ece', 'Sævik', 'Dominik', 0x68747470733a2f2f72616e646f6d757365722e6d652f6170692f706f727472616974732f6d656e2f37312e6a7067, NULL),
(567, 'emmy.dupont@example.com', '[]', '7f82ec7e2862b56289ceaaeb057640d924ec668bbc3262444a441a1e638ff139', 'Dupont', 'Emmy', 0x68747470733a2f2f72616e646f6d757365722e6d652f6170692f706f727472616974732f776f6d656e2f33342e6a7067, NULL),
(568, 'miguelangel.alvarez@example.com', '[]', '49460b7bbbd3aad3f2cba09864f5e8b01a220ea8c077e9fa996de367e7984af0', 'Alvarez', 'Miguel Ángel', 0x68747470733a2f2f72616e646f6d757365722e6d652f6170692f706f727472616974732f6d656e2f31312e6a7067, NULL),
(569, 'lilja.korpi@example.com', '[]', 'e8172d9cdbd45be38f3ae1a952ce2fdfa929032c4cca83c59ed356b286d3acee', 'Korpi', 'Lilja', 0x68747470733a2f2f72616e646f6d757365722e6d652f6170692f706f727472616974732f776f6d656e2f37332e6a7067, NULL),
(570, 'edward.robinson@example.com', '[]', '3e9f0ba9fea0d9acf951e24c1b6d62f5ef2be308a70fbd67eac88338bff66071', 'Robinson', 'Edward', 0x68747470733a2f2f72616e646f6d757365722e6d652f6170692f706f727472616974732f6d656e2f31302e6a7067, NULL),
(571, 'cristina.silva@example.com', '[]', '93db1708732f87bc45a1b7d4a8d5752c99f3542fa669fa8a67b97c2d352a0820', 'Silva', 'Cristina', 0x68747470733a2f2f72616e646f6d757365722e6d652f6170692f706f727472616974732f776f6d656e2f32342e6a7067, NULL),
(572, 'isabel.delacruz@example.com', '[]', '966c12b03322d658ed99c9187efca250953b88ddf3ddca22764ce1f24b77249f', 'de la Crúz', 'Isabel', 0x68747470733a2f2f72616e646f6d757365722e6d652f6170692f706f727472616974732f6d656e2f33362e6a7067, NULL),
(573, 'phil.smythe@example.com', '[]', 'fd216818cecbc78c0aeb274521b1501a01a2226a23a9a6922abb824b12dd86c4', 'Smythe', 'Phil', 0x68747470733a2f2f72616e646f6d757365722e6d652f6170692f706f727472616974732f6d656e2f35312e6a7067, NULL),
(574, 'marilou.chan@example.com', '[]', '1b7c4862802f894d7c079550ab7d1aa58dc9e92d60216a234680603398f719e6', 'Chan', 'Marilou', 0x68747470733a2f2f72616e646f6d757365722e6d652f6170692f706f727472616974732f776f6d656e2f37312e6a7067, NULL),
(575, 'victor.eckart@example.com', '[]', '2632ec06e2c2e54a52245ffd9e5af1cb65b21a4cdb031d4e11383719cf8c0ca4', 'Eckart', 'Victor', 0x68747470733a2f2f72616e646f6d757365722e6d652f6170692f706f727472616974732f6d656e2f33392e6a7067, NULL),
(576, 'nastasija.urosevic@example.com', '[]', '79c6702755c69af400ba269cf58852efa6e90f938f4e43deece255e5bce72106', 'Urošević', 'Nastasija', 0x68747470733a2f2f72616e646f6d757365722e6d652f6170692f706f727472616974732f776f6d656e2f33382e6a7067, NULL),
(577, 'giny.vanuden@example.com', '[]', 'd081f5e402980b267f1f87cb6b74fc3eb249de26e670a9db55dec67da7864de4', 'Van Uden', 'Giny', 0x68747470733a2f2f72616e646f6d757365722e6d652f6170692f706f727472616974732f776f6d656e2f38332e6a7067, NULL),
(578, 'albert.miles@example.com', '[]', '61a3c22a310f6b6328941b54bab34d646e3ccd15a67504c7403ddef7d80f0e43', 'Miles', 'Albert', 0x68747470733a2f2f72616e646f6d757365722e6d652f6170692f706f727472616974732f6d656e2f39362e6a7067, NULL),
(579, 'kaya.adivar@example.com', '[]', '97efedbc166abb3dfafb1c40a98730437a59555b70622d6aee4425689022e047', 'Adıvar', 'Kaya', 0x68747470733a2f2f72616e646f6d757365722e6d652f6170692f706f727472616974732f6d656e2f31332e6a7067, NULL),
(580, 'mhrd.jaafry@example.com', '[]', '7dbef27a673fea6454664f4fbe9685f3bc3cf1813eea89267bc99641e4d59517', 'جعفری', 'مهراد', 0x68747470733a2f2f72616e646f6d757365722e6d652f6170692f706f727472616974732f6d656e2f39382e6a7067, NULL),
(581, 'tyler.ryan@example.com', '[]', '4a418d86c709e6a5beb5a338260592fc40966607da4e1846ef3af0860a090a8e', 'Ryan', 'Tyler', 0x68747470733a2f2f72616e646f6d757365722e6d652f6170692f706f727472616974732f6d656e2f33342e6a7067, NULL),
(582, 'brn.hydry@example.com', '[]', '9d3c4061c106b76e02627d5ba59dec85e4f7f21b6d34d9dc5ac64e04cebaad23', 'حیدری', 'باران', 0x68747470733a2f2f72616e646f6d757365722e6d652f6170692f706f727472616974732f776f6d656e2f39322e6a7067, NULL),
(583, 'teresa.saez@example.com', '[]', 'd34a569ab7aaa54dacd715ae64953455d86b768846cd0085ef4e9e7471489b7b', 'Sáez', 'Teresa', 0x68747470733a2f2f72616e646f6d757365722e6d652f6170692f706f727472616974732f776f6d656e2f39312e6a7067, NULL),
(584, 'anthony.ennis@example.com', '[]', '5292f27501324087b9dcd65408163e58c921009fc8a85c1b7782823a934cf6c7', 'Ennis', 'Anthony', 0x68747470733a2f2f72616e646f6d757365722e6d652f6170692f706f727472616974732f6d656e2f35362e6a7067, NULL),
(585, 'signe.pedersen@example.com', '[]', '083280ea67396bde2df5fde1839b36f48ab94fc6fbd978983b9a50cd59466a05', 'Pedersen', 'Signe', 0x68747470733a2f2f72616e646f6d757365722e6d652f6170692f706f727472616974732f776f6d656e2f38382e6a7067, NULL),
(586, 'wendy.weaver@example.com', '[]', '5359eec13763f1d5c49ee396739944e5bc4ca118ad681a0762f7da79e825edd6', 'Weaver', 'Wendy', 0x68747470733a2f2f72616e646f6d757365722e6d652f6170692f706f727472616974732f776f6d656e2f36312e6a7067, NULL),
(587, 'patryk.strom@example.com', '[]', 'b0f9feb19f571f8409421c274970f4bb7ed4e05d90c6edfea4f8cb52c89e5191', 'Strøm', 'Patryk', 0x68747470733a2f2f72616e646f6d757365722e6d652f6170692f706f727472616974732f6d656e2f34362e6a7067, NULL),
(588, 'marilou.hooijmans@example.com', '[]', '5d72436256ada53828b51895a94bb8489e9f1ac4fe937a8024ef1594e7045ff6', 'Hooijmans', 'Marilou', 0x68747470733a2f2f72616e646f6d757365722e6d652f6170692f706f727472616974732f776f6d656e2f33352e6a7067, NULL),
(589, 'linda.ramirez@example.com', '[]', 'ef7d74898c22a4bf0be437d30987bc945310dcdf1ddb48a6bce085f376b302ae', 'Ramirez', 'Linda', 0x68747470733a2f2f72616e646f6d757365722e6d652f6170692f706f727472616974732f776f6d656e2f312e6a7067, NULL),
(590, 'perry.nguyen@example.com', '[]', '152fc4dddcedc0be83ea10cd2667d9e4218b00439c65cb352f4a048e409203b2', 'Nguyen', 'Perry', 0x68747470733a2f2f72616e646f6d757365722e6d652f6170692f706f727472616974732f6d656e2f35392e6a7067, NULL),
(591, 'purificacion.delgado@example.com', '[]', '99bde068af2d49ed7fc8b8fa79abe13a6059e0db320bb73459fd96624bb4b33f', 'Delgado', 'Purificación', 0x68747470733a2f2f72616e646f6d757365722e6d652f6170692f706f727472616974732f776f6d656e2f33382e6a7067, NULL),
(592, 'roger.olson@example.com', '[]', '527aa9f431539da8e151d5434d1d5e611d973f601d8e970790882624554146b0', 'Olson', 'Roger', 0x68747470733a2f2f72616e646f6d757365722e6d652f6170692f706f727472616974732f6d656e2f31362e6a7067, NULL),
(593, 'deivid.costa@example.com', '[]', 'de2165ef8869e188a11655a966c6b8e60afbc31009a1f312f10ae38081069cdf', 'Costa', 'Deivid', 0x68747470733a2f2f72616e646f6d757365722e6d652f6170692f706f727472616974732f6d656e2f372e6a7067, NULL),
(594, 'alberte.jorgensen@example.com', '[]', '60bffa20b02813481ce58a667e003f28f40a1baaf047ca7016cdcc857c3bc167', 'Jørgensen', 'Alberte', 0x68747470733a2f2f72616e646f6d757365722e6d652f6170692f706f727472616974732f776f6d656e2f32322e6a7067, NULL),
(595, 'buse.adan@example.com', '[]', '17840323ea59b5e1c1383d90f5e688fe7441b1de61ff8679d37f16591f261569', 'Adan', 'Buse', 0x68747470733a2f2f72616e646f6d757365722e6d652f6170692f706f727472616974732f776f6d656e2f31332e6a7067, NULL),
(596, 'sofia.huotari@example.com', '[]', '7710e1b184cbc633d23324649f6f50c0650df3d2bbf939ed9e60763bd9610921', 'Huotari', 'Sofia', 0x68747470733a2f2f72616e646f6d757365722e6d652f6170692f706f727472616974732f776f6d656e2f36382e6a7067, NULL),
(597, 'mila.rukavina@example.com', '[]', '9850fdca22f422d915e2f282285378719ecea4770c7206b6cc37cd9e3d4968f3', 'Rukavina', 'Mila', 0x68747470733a2f2f72616e646f6d757365722e6d652f6170692f706f727472616974732f776f6d656e2f33362e6a7067, NULL),
(598, 'batur.ertepinar@example.com', '[]', 'c8cf701f30ad11d3ee877dced0d774ab2da9159894296887b8439a63c9aa0655', 'Ertepınar', 'Batur', 0x68747470733a2f2f72616e646f6d757365722e6d652f6170692f706f727472616974732f6d656e2f31312e6a7067, NULL),
(599, 'ivaldo.caldeira@example.com', '[]', 'd7b8988f8fd2edbd7c5a63ff60009a39f9cc9546f2ca1a5e8eafea8e2f2fa97b', 'Caldeira', 'Ivaldo', 0x68747470733a2f2f72616e646f6d757365722e6d652f6170692f706f727472616974732f6d656e2f35332e6a7067, NULL),
(600, 'zeljko.vrhovac@example.com', '[]', '72caba8ee566741147c00f150658a978660a36726373d51a8c567e6580fdd704', 'Vrhovac', 'Željko', 0x68747470733a2f2f72616e646f6d757365722e6d652f6170692f706f727472616974732f6d656e2f31362e6a7067, NULL),
(601, 'molly.apeland@example.com', '[]', '32500d7500ce0755c1a0f96ef86b10c3100f70f9ca6d8f4d3673d2925afc2151', 'Apeland', 'Molly', 0x68747470733a2f2f72616e646f6d757365722e6d652f6170692f706f727472616974732f776f6d656e2f36342e6a7067, NULL);

-- --------------------------------------------------------

--
-- Structure de la table `lecteur_lecteur`
--

DROP TABLE IF EXISTS `lecteur_lecteur`;
CREATE TABLE `lecteur_lecteur` (
  `lecteur_source` int(11) NOT NULL,
  `lecteur_target` int(11) NOT NULL
) ENGINE=InnoDB DEFAULT CHARSET=utf8mb4 COLLATE=utf8mb4_unicode_ci;

--
-- Déchargement des données de la table `lecteur_lecteur`
--

INSERT INTO `lecteur_lecteur` (`lecteur_source`, `lecteur_target`) VALUES
(502, 511),
(502, 516),
(503, 548),
(503, 571),
(503, 594),
(504, 506),
(504, 538),
(504, 549),
(504, 583),
(504, 587),
(505, 515),
(505, 533),
(505, 583),
(506, 544),
(507, 571),
(507, 576),
(507, 597),
(508, 541),
(508, 581),
(509, 558),
(509, 569),
(509, 594),
(509, 601),
(510, 506),
(511, 534),
(512, 546),
(512, 568),
(513, 512),
(513, 569),
(513, 572),
(513, 587),
(513, 597),
(514, 517),
(514, 521),
(514, 532),
(514, 533),
(515, 502),
(515, 506),
(515, 591),
(516, 502),
(516, 512),
(516, 531),
(516, 537),
(517, 502),
(517, 544),
(517, 570),
(517, 588),
(517, 595),
(518, 561),
(518, 582),
(520, 522),
(520, 535),
(520, 560),
(520, 577),
(521, 507),
(521, 510),
(521, 552),
(521, 570),
(522, 555),
(524, 551),
(524, 560),
(525, 504),
(525, 524),
(525, 535),
(525, 541),
(525, 584),
(526, 511),
(526, 532),
(526, 557),
(526, 587),
(528, 525),
(528, 550),
(528, 601),
(529, 502),
(529, 540),
(529, 560),
(529, 584),
(530, 560),
(531, 546),
(531, 559),
(532, 571),
(533, 532),
(533, 538),
(533, 539),
(533, 585),
(534, 544),
(535, 509),
(535, 522),
(537, 511),
(537, 519),
(537, 553),
(537, 578),
(537, 594),
(538, 502),
(538, 536),
(538, 560),
(538, 563),
(539, 513),
(540, 507),
(540, 533),
(540, 544),
(540, 561),
(540, 568),
(541, 512),
(541, 560),
(541, 569),
(542, 509),
(542, 517),
(542, 577),
(542, 588),
(543, 513),
(543, 585),
(543, 592),
(544, 569),
(544, 592),
(545, 515),
(545, 538),
(546, 525),
(546, 553),
(546, 587),
(547, 548),
(547, 576),
(547, 586),
(548, 560),
(549, 538),
(549, 551),
(549, 557),
(549, 588),
(549, 600),
(551, 559),
(551, 570),
(551, 582),
(552, 506),
(552, 516),
(552, 537),
(552, 543),
(552, 546),
(553, 506),
(553, 585),
(555, 552),
(556, 517),
(556, 565),
(556, 588),
(557, 556),
(557, 568),
(558, 525),
(558, 583),
(558, 594),
(559, 551),
(559, 572),
(559, 600),
(560, 514),
(560, 522),
(560, 541),
(561, 576),
(561, 591),
(563, 540),
(563, 566),
(563, 569),
(563, 587),
(563, 593),
(564, 510),
(564, 521),
(564, 566),
(565, 547),
(565, 558),
(565, 566),
(565, 575),
(566, 564),
(567, 511),
(567, 544),
(567, 557),
(567, 565),
(567, 571),
(569, 566),
(570, 519),
(571, 513),
(571, 529),
(571, 566),
(571, 580),
(571, 598),
(572, 522),
(572, 538),
(572, 583),
(572, 587),
(573, 512),
(573, 559),
(573, 574),
(573, 601),
(574, 510),
(574, 519),
(574, 577),
(575, 597),
(576, 517),
(576, 601),
(578, 548),
(579, 512),
(579, 521),
(579, 532),
(579, 555),
(579, 584),
(580, 510),
(581, 573),
(582, 551),
(584, 529),
(584, 547),
(584, 553),
(585, 569),
(586, 507),
(586, 508),
(586, 561),
(586, 562),
(587, 530),
(587, 543),
(587, 551),
(587, 589),
(588, 532),
(589, 553),
(589, 581),
(589, 601),
(590, 536),
(590, 568),
(590, 582),
(590, 592),
(591, 504),
(592, 508),
(593, 523),
(593, 532),
(594, 504),
(594, 517),
(594, 554),
(594, 563),
(594, 568),
(595, 519),
(595, 531),
(595, 532),
(595, 581),
(595, 600),
(596, 521),
(596, 563),
(596, 597),
(597, 518),
(597, 563),
(597, 576),
(597, 591),
(597, 594),
(598, 505),
(598, 507),
(598, 547),
(598, 583),
(599, 517),
(600, 518),
(600, 536),
(600, 540),
(600, 596),
(601, 511),
(601, 517),
(601, 522),
(601, 571),
(601, 595);

-- --------------------------------------------------------

--
-- Structure de la table `livre`
--

DROP TABLE IF EXISTS `livre`;
CREATE TABLE `livre` (
  `id` int(11) NOT NULL,
  `langue_id` int(11) DEFAULT NULL,
  `editeur_id` int(11) DEFAULT NULL,
  `titre` varchar(500) COLLATE utf8mb4_unicode_ci NOT NULL,
  `description` varchar(2555) COLLATE utf8mb4_unicode_ci DEFAULT NULL,
  `couverture` varchar(2555) COLLATE utf8mb4_unicode_ci DEFAULT NULL,
  `page` int(11) DEFAULT NULL,
  `date_acquisition` datetime NOT NULL,
  `date_parution` datetime DEFAULT NULL
) ENGINE=InnoDB DEFAULT CHARSET=utf8mb4 COLLATE=utf8mb4_unicode_ci;

--
-- Déchargement des données de la table `livre`
--

INSERT INTO `livre` (`id`, `langue_id`, `editeur_id`, `titre`, `description`, `couverture`, `page`, `date_acquisition`, `date_parution`) VALUES
(1201, 19, NULL, 'Trippings in Author-land', 'No description available', 'http://books.google.com/books/content?id=qBxhhMkSLRMC&printsec=frontcover&img=1&zoom=1&edge=curl&source=gbs_api', 298, '2021-10-20 05:36:16', '2023-03-27 18:46:00'),
(1202, 19, 349, 'Curating the American Past', '\"In Curating the American Past, Pete Daniel takes readers behind the \"Staff Only\" door at the Smithsonian\'s National Museum of American History to reveal how curators collect objects, plan exhibits, navigate public-sector politics, and bring alive the events, characters, and concepts that define our shared history\"--', 'http://books.google.com/books/content?id=KmJVEAAAQBAJ&printsec=frontcover&img=1&zoom=1&edge=curl&source=gbs_api', 261, '2023-03-15 02:24:11', NULL),
(1203, 19, 350, 'Cult of the Irrelevant', 'How professionalization and scholarly “rigor” made social scientists increasingly irrelevant to US national security policy To mobilize America’s intellectual resources to meet the security challenges of the post–9/11 world, US Secretary of Defense Robert M. Gates observed that “we must again embrace eggheads and ideas.” But the gap between national security policymakers and international relations scholars has become a chasm. In Cult of the Irrelevant, Michael Desch traces the history of the relationship between the Beltway and the Ivory Tower from World War I to the present day. Recounting key Golden Age academic strategists such as Thomas Schelling and Walt Rostow, Desch’s narrative shows that social science research became most oriented toward practical problem-solving during times of war and that scholars returned to less relevant work during peacetime. Social science disciplines like political science rewarded work that was methodologically sophisticated over scholarship that engaged with the messy realities of national security policy, and academic culture increasingly turned away from the job of solving real-world problems. In the name of scientific objectivity, academics today frequently engage only in basic research that they hope will somehow trickle down to policymakers. Drawing on the lessons of this history as well as a unique survey of current and former national security policymakers, Desch offers concrete recommendations for scholars who want to shape government work. The result is a rich intellectual history and an essential wake-up call to a field that has lost its way.', 'http://books.google.com/books/content?id=_0wgEAAAQBAJ&printsec=frontcover&img=1&zoom=1&edge=curl&source=gbs_api', 364, '2022-03-07 23:16:27', NULL),
(1204, 19, 351, 'Revisions of Indian Fossil Plants, Part III', 'No description available', 'http://books.google.com/books/content?id=RQNtDwAAQBAJ&printsec=frontcover&img=1&zoom=1&edge=curl&source=gbs_api', 122, '2021-12-24 19:05:08', NULL),
(1205, 19, 352, 'Dar es Salaam. Histories from an Emerging African Metropolis', 'From its modest beginnings in the mid-19th century, Dar es Salaam has grown to become one of sub-Saharan Africa\'s most important urban centres. A major political, economic and cultural hub, the city stood at the cutting edge of trends that transformed twentieth-century East Africa. Dar es Salaam has recently attracted the attention of a diverse, multi-disciplinary, range of scholars, making it currently one of the continent\'s most studied urban centres. This collection from eleven scholars from Africa, Europe, North America and Japan, draws on some of the best of this scholarship and offers a comprehensive, and accessible, survey of the city\'s development. The perspectives include history, musicology, ethnomusicology, culture including popular culture, land and urban economics. The opening chapter offers a comprehensive overview of the history of the city. Subsequent chapters examine Dar es Salaam\'s twentieth century experience through the prism of social change and the administrative repercussions of rapid urbanization; and through popular culture and shifting social relations. The book will be of interest not only to the specialist in urban studies but also to the general reader with an interest in Dar es Salaam\'s environmental, social and cultural history. James Brennan is a Lecturer in History at the School of Oriental & African Studies (SOAS), University of London. His research interests include nationalism and urbanization in Tanzania, and he is currently researching the historical role of radio and other mass media in East Africa\'s political culture. Andrew Burton is an Honorary Research Fellow of the British Institute in Eastern Africa, based in Addis Ababa. He has published widely on East African urban culture; and his current interests are the history of youth, urbanization and delinquency in Eastern Africa. Yusuf Lawi is the former Head of the Department of History at the University of Dar es Salaam; and is currently Senior Lecturer in History and Deputy Director of the University\'s Centre for Continuing Education. He specializes in environmental and social history.', 'http://books.google.com/books/content?id=-54DSfk0ZMgC&printsec=frontcover&img=1&zoom=1&edge=curl&source=gbs_api', 279, '2022-07-08 18:04:43', '2023-03-27 20:07:00'),
(1206, 19, NULL, 'Catalogue ... 1895', 'No description available', 'http://books.google.com/books/content?id=TJ5PAQAAMAAJ&printsec=frontcover&img=1&zoom=1&edge=curl&source=gbs_api', 470, '2021-12-09 21:10:36', '1895-03-27 17:10:58'),
(1207, 19, 353, 'The Eastern Shawnee Tribe of Oklahoma', 'Non-Indians have amassed extensive records of Shawnee leaders dating back to the era between the French and Indian War and the War of 1812. But academia has largely ignored the stories of these leaders’ descendants—including accounts from the Shawnees’ own perspectives. The Eastern Shawnee Tribe of Oklahoma focuses on the nineteenth- and twentieth-century experiences of the Eastern Shawnee Tribe, presenting a new brand of tribal history made possible by the emergence of tribal communities’ own research centers and the resources afforded by the digital age. Offering various perspectives on the history of the Eastern Shawnees, this volume combines essays by leading and emerging scholars of Shawnee history with contributions by Eastern Shawnee citizens and interviews with tribal elders. Editor Stephen Warren introduces the collection, acknowledging that the questions and concerns of colonizers have dominated the themes of American Indian history for far too long. The essays that follow introduce readers to the story of the Eastern Shawnees and consider treaties with the U.S. government, laws impacting the tribe, and tribal leadership. They analyze the Eastern Shawnees’ ways of telling the tribe’s stories, detail Shawnee experiences of federal boarding schools, and recount stories of their chiefs. The book concludes with five tribal members’ life histories, told in their own words. The Eastern Shawnee Tribe of Oklahoma is the culmination of years of collaboration between tribal citizens and Native as well as non-Native scholars. Providing a fuller, more nuanced, and more complete portrayal of Native American historical experiences, this book serves as a resource for both future scholars and tribal members to reconstruct the Eastern Shawnee past and thereby better understand the present. This book was made possible through generous funding from the Administration for Native Americans.', 'http://books.google.com/books/content?id=mYc3DwAAQBAJ&printsec=frontcover&img=1&zoom=1&edge=curl&source=gbs_api', 384, '2023-01-25 16:31:34', NULL),
(1208, 19, NULL, 'Classified Catalogue of the Public Library, of Fitchburg Mass', 'No description available', 'http://books.google.com/books/content?id=QgIDAAAAYAAJ&printsec=frontcover&img=1&zoom=1&edge=curl&source=gbs_api', 788, '2021-06-24 06:00:07', '1886-03-27 17:10:58'),
(1209, 19, 354, 'Japan\'s Foreign Policy Maturation', 'The sudden end of the Cold War took the Japanese foreign policy community by surprise. The Yoshida Doctrine which served Japanese foreign policy so well during the Cold War is no longer a viable foreign policy option. This dissertation examines the restructuring of Japanese foreign policy since the end of the Cold War. Through a series of 56 interviews with Japanese foregin policy elites, the changes in Japanese foreign policy are put into the context of the foreign policy literature.', 'http://books.google.com/books/content?id=c03y7d49GhEC&printsec=frontcover&img=1&zoom=1&edge=curl&source=gbs_api', 248, '2022-11-11 01:08:28', NULL),
(1210, 19, 355, 'Japanese American Celebration and Conflict', 'A history of the struggles over identity within the Japanese American community, using ethnic festivals to reveal the conflicts from the 1930s (a period of wealthy Japanese enclaves) through the WWII internment to the late 20th century influx of investment from Japan.', 'http://books.google.com/books/content?id=i7AwDwAAQBAJ&printsec=frontcover&img=1&zoom=1&edge=curl&source=gbs_api', 296, '2021-05-12 08:35:36', NULL),
(1211, 19, 356, 'The Writing of Where', 'In The Writing of Where, Charles Lesh examines how graffiti writers in Boston remake various spaces within and across the city. The spaces readers will encounter in this book are not just meaningful venues of writing, but also outcomes of writing itself: social spaces not just where writing happens but created because writing happens. Lesh contends that these graffiti spaces reinvent the writing landscape of the city and its public relationship with writing. Each chapter introduces readers to different writing spaces: from bold and broadly visible spots along the highway to bridge underpasses seldom seen by non-writers; from inconspicuous notebooks writers call \"bibles\" to freight yards and model trains; from abandoned factories to benches where writers view trains. Between each chapter, readers will find \"community interludes,\" responses to the preceding chapters from some of the graffiti writers who worked on this project. By working closely with writers engaged in the production of these spaces, as well as drawing on work invested in questions of geography, publics, and writing, Lesh identifies new models of community engagement and articulates a framework for the spatiality of the public work of writing and writing studies.', 'http://books.google.com/books/content?id=qEuCEAAAQBAJ&printsec=frontcover&img=1&zoom=1&edge=curl&source=gbs_api', 285, '2022-09-19 10:57:08', NULL),
(1212, 19, 357, 'Cecil B. DeMille\'s Hollywood', '\"Drawing extensively on DeMille\'s personal archives and other primary sources, Robert S. Birchard offers a revealing portrait of the film-maker that goes behind studio gates and beyond DeMille\'s legendary persona. Cecil B. DeMille\'s Hollywood is a detailed and definitive chronicle of cinematic work that changed the course of film history and a look at how movies were made during Hollywood\'s golden age.\"--BOOK JACKET.', 'http://books.google.com/books/content?id=YLPTleQHkrUC&printsec=frontcover&img=1&zoom=1&edge=curl&source=gbs_api', 502, '2021-07-16 10:58:02', NULL),
(1213, 19, NULL, 'Moko; Or, Maori Tattooing', '\"A full survey based on the author\'s observations and subsequent reading\"--Bagnall.', 'http://books.google.com/books/content?id=hV8uAAAAYAAJ&printsec=frontcover&img=1&zoom=1&edge=curl&source=gbs_api', 240, '2021-11-05 09:52:54', '1896-03-27 17:10:58'),
(1214, 19, NULL, 'America\'s First Battles, 1776-1965', 'I bogen beskrives en række førstegangsslag, som en amerikansk fredstidshær er blevet kastet ud i gennem tiderne. Først med uafhægighedskrigen i 1776 mod Englænderne og sluttende med Vietnamkrigen.', 'http://books.google.com/books/content?id=ba4aAQAAIAAJ&printsec=frontcover&img=1&zoom=1&edge=curl&source=gbs_api', 444, '2021-11-10 21:54:01', '1986-03-27 17:10:58'),
(1215, 19, NULL, 'Bulletin of the Medical Library Association', 'No description available', 'http://books.google.com/books/content?id=HCQEAQAAIAAJ&printsec=frontcover&img=1&zoom=1&source=gbs_api', NULL, '2022-01-24 14:15:19', '1968-03-27 17:10:58'),
(1216, 19, 358, 'Trippings in Author-Land (Classic Reprint)', 'Excerpt from Trippings in Author-Land IN presenting the labours of the past year, to a public which I, of all others, have a right to term generous, I have only to ask the same kind consideration for them collectively and alone, that they may, heretofore, have owed in part to their surroundings. A preface is usually an introduction, or an apology for intrusion; and I scarce feel it necessary, since I am only sending my brain children out among my friends, confident that though their faults may not pass unnoticed, they will be treated with the tenderness usually shown to the unintentional offender. It may not be amiss, however, to give some explanation con cerning them. About the Publisher Forgotten Books publishes hundreds of thousands of rare and classic books. Find more at www.forgottenbooks.com This book is a reproduction of an important historical work. Forgotten Books uses state-of-the-art technology to digitally reconstruct the work, preserving the original format whilst repairing imperfections present in the aged copy. In rare cases, an imperfection in the original, such as a blemish or missing page, may be replicated in our edition. We do, however, repair the vast majority of imperfections successfully; any imperfections that remain are intentionally left to preserve the state of such historical works.', 'http://books.google.com/books/content?id=WYIqtQEACAAJ&printsec=frontcover&img=1&zoom=1&source=gbs_api', 278, '2021-11-17 04:53:58', NULL),
(1217, 19, NULL, 'Trippings in Author-Land', 'No description available', NULL, NULL, '2022-04-19 20:11:14', '2023-03-27 18:46:00'),
(1218, 19, 359, 'Valor Across the Lone Star', 'Mr. Neal has invested years of research and documentation into a historically accurate and detailed account of the Medal of Honor actions in and near Texas in the period after the Civil War. The book is not only a valuable resource for the historian, but an easy and interesting read.', 'http://books.google.com/books/content?id=ZwwhAQAAIAAJ&printsec=frontcover&img=1&zoom=1&source=gbs_api', 516, '2023-03-22 07:55:02', '2023-03-27 20:02:00'),
(1219, 19, NULL, 'The Index of Psychoanalytic Writings', 'No description available', 'http://books.google.com/books/content?id=QT_hIu9pz_oC&printsec=frontcover&img=1&zoom=1&source=gbs_api', 506, '2022-01-19 22:43:50', '1965-03-27 17:10:58'),
(1220, 19, NULL, 'Trippings in Author-land', 'No description available', 'http://books.google.com/books/content?id=a1NGAQAAMAAJ&printsec=frontcover&img=1&zoom=1&edge=curl&source=gbs_api', 281, '2022-08-12 23:46:37', '2023-03-27 18:46:00'),
(1221, 19, 360, 'Fort Kamehameha', 'No description available', 'http://books.google.com/books/content?id=M2_fAAAAMAAJ&printsec=frontcover&img=1&zoom=1&source=gbs_api', 180, '2021-10-04 23:54:26', '1993-03-27 17:10:58'),
(1222, 19, NULL, 'A Letter to My Children', 'No description available', 'http://books.google.com/books/content?id=ZkApAQAAMAAJ&printsec=frontcover&img=1&zoom=1&source=gbs_api', 218, '2022-06-13 06:08:07', '2023-03-27 20:02:00'),
(1223, 19, NULL, 'Utah in the Twentieth Century', 'The twentieth could easily be Utah’s most interesting, complex century, yet popular ideas of what is history seem mired in the nineteenth. One reason may be the lack of readily available writing on more recent Utah history. This collection of essays shifts historical focus forward to the twentieth, which began and ended with questions of Utah’s fit with the rest of the nation. In between was an extended period of getting acquainted in an uneasy but necessary marriage, which was complicated by the push of economic development and pull of traditional culture, demand for natural resources from a fragile and scenic environment, and questions of who governs and how, who gets a vote, and who controls what is done on and to the contested public lands. Outside trade and a tourist economy increasingly challenged and fed an insular society. Activists left and right declaimed constitutional liberties while Utah’s Native Americans become the last enfranchised in the nation. Proud contributions to national wars contrasted with denial of deep dependence on federal money; the skepticism of provocative writers, with boosters eager for growth; and reflexive patriotism somehow bonded to ingrained distrust of federal government.', 'http://books.google.com/books/content?id=xmq0qMmCUJgC&printsec=frontcover&img=1&zoom=1&source=gbs_api', 432, '2023-01-24 15:58:31', NULL),
(1224, 19, 361, 'Courting Change', 'No description available', 'http://books.google.com/books/content?id=0og7AQAAIAAJ&printsec=frontcover&img=1&zoom=1&source=gbs_api', 404, '2022-04-05 00:03:42', '2023-03-27 20:04:00'),
(1225, 19, NULL, 'Dialogue', 'A journal of Mormon thought.', 'http://books.google.com/books/content?id=krqZAAAAIAAJ&printsec=frontcover&img=1&zoom=1&source=gbs_api', 670, '2022-04-15 12:16:03', '1989-03-27 17:10:58'),
(1226, 19, NULL, 'Being Maasai, Becoming Indigenous', 'Introduction : positionings -- the cultural politics of representation, recognition, resources, and rights -- Becoming indigenous in Africa -- Maasai NGOs, the Tanzanian state, and the politics of indigeneity -- Precarious alliances -- Repositionings : from indigenous rights to pastoralist livelihoods -- \"If we had our cows\" : community perspectives on the challenge of change -- Conclusion : what do you want?', 'http://books.google.com/books/content?id=lqBMAQAAMAAJ&printsec=frontcover&img=1&zoom=1&source=gbs_api', 292, '2021-07-15 01:50:14', NULL),
(1227, 19, 362, 'Adlai Stevenson and the World', 'No description available', 'http://books.google.com/books/content?id=S-gCHI33Bg0C&printsec=frontcover&img=1&zoom=1&source=gbs_api', 988, '2021-05-28 08:27:10', '1978-03-27 17:10:58'),
(1228, 19, NULL, 'Rayford W. Logan and the Dilemma of the African-American Intellectual', 'This biography of the African-American activist and scholar, Rayford W. Logan, discusses his life and career and examines his contributions to the history of race relations in the United States.', 'http://books.google.com/books/content?id=ZiJ1AAAAMAAJ&printsec=frontcover&img=1&zoom=1&source=gbs_api', 344, '2022-11-08 08:47:45', '1993-03-27 17:10:58'),
(1229, 19, NULL, 'Philip Greeley Clapp', 'No description available', 'http://books.google.com/books/content?id=AsbiAAAAMAAJ&printsec=frontcover&img=1&zoom=1&source=gbs_api', 478, '2021-05-12 23:52:03', '1981-03-27 17:10:58'),
(1230, 19, NULL, 'The History of a New Zealand Pentecostal Movement', 'This work traces the emergence of the New Zealand Pentecostal Movement in the 1940s and its growth to become one of the largest Pentecostal movements in New Zealand in the 1970s. It examines the ways in which this movement\'s original revivalism became linked with moralist concerns and with the application of political pressure for social change. A secondary avenue of enquiry is the way in which the New Life Churches and the emerging New Zealand charismatic movement had reciprocal effects. This volume includes biographical notes on important figures, maps of the movement\'s development and expansion, and a bibliography.', 'http://books.google.com/books/content?id=s18mAQAAIAAJ&printsec=frontcover&img=1&zoom=1&source=gbs_api', 408, '2021-06-11 09:23:31', '2023-03-27 20:00:00'),
(1231, 19, 363, 'CHARLES T GRIFFES', 'No description available', 'http://books.google.com/books/content?id=b6wWAAAAYAAJ&printsec=frontcover&img=1&zoom=1&source=gbs_api', 360, '2022-03-12 06:31:42', NULL),
(1232, 19, NULL, 'American Book Prices Current', 'A record of literary properties sold at auction in the United States.', 'http://books.google.com/books/content?id=_PE3AAAAMAAJ&printsec=frontcover&img=1&zoom=1&source=gbs_api', 848, '2022-11-18 12:51:38', '2023-03-27 19:27:00'),
(1233, 19, NULL, 'Revisions of Indian Fossil Plants', 'No description available', 'http://books.google.com/books/content?id=tc4KqfR-IiMC&printsec=frontcover&img=1&zoom=1&source=gbs_api', 164, '2021-07-07 20:39:59', '2023-03-27 19:28:00'),
(1234, 19, NULL, 'Two Authors Walk Into a Bar', 'No description available', NULL, 135, '2022-05-23 23:42:12', '2023-03-27 20:18:00'),
(1235, 19, NULL, 'AAHS Journal', 'No description available', 'http://books.google.com/books/content?id=R0opAQAAIAAJ&printsec=frontcover&img=1&zoom=1&source=gbs_api', 342, '2021-09-17 20:08:18', '1995-03-27 17:10:58'),
(1236, 19, 364, 'C++ Pointers and Dynamic Memory Management', 'Using techniques developed in the classroom at America Online\'s Programmer\'s University, Michael Daconta deftly pilots programmers through the intricacies of the two most difficult aspects of C++ programming: pointers and dynamic memory management. Written by a programmer for programmers, this no-nonsense, nuts-and-bolts guide shows you how to fully exploit advanced C++ programming features, such as creating class-specific allocators, understanding references versus pointers, manipulating multidimensional arrays with pointers, and how pointers and dynamic memory are the core of object-oriented constructs like inheritance, name-mangling, and virtual functions. Covers all aspects of pointers including: pointer pointers, function pointers, and even class member pointers Over 350 source code functions—code on every topic OOP constructs dissected and implemented in C Interviews with leading C++ experts Valuable money-saving coupons on developer products Free source code disk Disk includes: Reusable code libraries—over 350 source code functions you can use to protect and enhance your applications Memory debugger Read C++ Pointers and Dynamic Memory Management and learn how to combine the elegance of object-oriented programming with the power of pointers and dynamic memory!', 'http://books.google.com/books/content?id=Qrd8SvOc0acC&printsec=frontcover&img=1&zoom=1&source=gbs_api', 498, '2023-01-21 02:53:19', NULL),
(1237, 19, NULL, 'Library Bulletin', 'No description available', 'http://books.google.com/books/content?id=AsM4Q8u1OgUC&printsec=frontcover&img=1&zoom=1&edge=curl&source=gbs_api', NULL, '2021-10-16 19:12:50', '1896-03-27 17:10:58'),
(1238, 19, NULL, 'Masterpiece Theatre and the Politics of Quality', 'Provides insight into the many forces that shaped Masterpiece Theatre, the popular British-made series: its sponsor (Mobil Oil Company), its American broadcast affiliate (television station WGBH in Boston), the Public Broadcasting Service (PBS), its host (Alistair Cooke), and the Nixon Administration.', 'http://books.google.com/books/content?id=ScpkAAAAMAAJ&printsec=frontcover&img=1&zoom=1&source=gbs_api', 282, '2022-08-16 08:28:59', '1999-03-27 17:10:58'),
(1239, 19, 365, 'Koori, a Will to Win', 'Account of Aboriginal oppression and opposition interspersed with biographical experiences of authors family; traditional society of the Wonnarua people; history of European contact and conflict; influence of missionaries, Aborigines Inland Mission; changing Government attitudes, Aborigines Protection Board and separation of families; welfare movement; Aboriginal political activists, land rights and self determination; facilities for tracing ancestors, list of Wonnarua people mentioned in literature.', 'http://books.google.com/books/content?id=ldc-AQAAIAAJ&printsec=frontcover&img=1&zoom=1&source=gbs_api', 302, '2022-09-05 20:39:10', '1985-03-27 17:10:58'),
(1240, 19, NULL, 'Shreveport\'s KWKH', 'No description available', 'http://books.google.com/books/content?id=yGYfAQAAMAAJ&printsec=frontcover&img=1&zoom=1&source=gbs_api', 267, '2022-02-12 14:15:14', '2023-03-27 20:00:00'),
(1241, 19, NULL, 'Shreveport\'s KWKH', 'No description available', 'http://books.google.com/books/content?id=yGYfAQAAMAAJ&printsec=frontcover&img=1&zoom=1&source=gbs_api', 267, '2023-03-11 08:18:22', '2023-03-27 20:00:00'),
(1242, 19, NULL, 'Proceedings', 'No description available', 'http://books.google.com/books/content?id=cuMaAQAAMAAJ&printsec=frontcover&img=1&zoom=1&source=gbs_api', NULL, '2023-01-05 23:56:07', '1965-03-27 17:10:59'),
(1243, 19, 366, 'The Tillotson Family, Long Island Cordwood, and the Decline of the East Coast Sail', 'Richard Tillotson, son of William Tillotson and Alma Charity Blydenburgh, was born 26 December 1823 in Hauppage, New York. He married Julia Ann Norton (1831-1909), daughter of Timothy Norton and Hannah Reeves Young, in 1852. They had two children. Includes Wilbur, Howell and related families.', 'http://books.google.com/books/content?id=c2EbAQAAMAAJ&printsec=frontcover&img=1&zoom=1&source=gbs_api', 243, '2022-03-30 18:08:01', '2023-03-27 20:08:00'),
(1244, 19, NULL, 'Braxton and Clay Counties', 'No description available', 'http://books.google.com/books/content?id=NUwgAAAAIAAJ&printsec=frontcover&img=1&zoom=1&source=gbs_api', 972, '2021-09-14 16:35:23', '2023-03-27 19:17:00'),
(1245, 19, NULL, 'Make it Australian', 'The Australian Performing Group, or APG, helped to bring about a profound change in Australian theatre and nurtured the talents of a generation of writers and performers who have become household names including Max Gillies, David Williamson, Graeme Blundell, Jack Hibberd, Sue Ingleton and Grieg Pickhaver (aka H G Nelson). Yet to date the only published full-length accounts of the group have been written by former members. \"Make it Australian!\" gives an outsider\'s view of this influential group and the social, political and cultural context in which it operated. Through its observation of the personalities, conflicts and ideologies embedded in the APG, it challenges myths, reveals paradoxes and investigates divergences between the professed aims of its members and what the group did. This is the first critical history of APG and the book traces the group\'s development from its beginnings at La Mama Theatre in 1968 through its flowering at the Pram Factory and to its demise in 1981. It draws on interviews with key members, reviews of productions and an analysis of significant plays.', 'http://books.google.com/books/content?id=ZY0LAQAAMAAJ&printsec=frontcover&img=1&zoom=1&source=gbs_api', 308, '2021-07-21 00:13:00', '2023-03-27 20:08:00'),
(1246, 19, NULL, 'Classification Research', 'No description available', 'http://books.google.com/books/content?id=0h3hAAAAMAAJ&printsec=frontcover&img=1&zoom=1&source=gbs_api', 592, '2022-10-06 23:37:49', '1965-03-27 17:10:59'),
(1247, 19, NULL, 'Portraits of Necessary Learning', 'No description available', 'http://books.google.com/books/content?id=apScAAAAMAAJ&printsec=frontcover&img=1&zoom=1&source=gbs_api', 738, '2021-10-29 06:30:57', '2023-03-27 20:07:00'),
(1248, 19, NULL, '150 Years of Artists\' Lithographs, 1803-1953', 'No description available', 'http://books.google.com/books/content?id=8DhQAAAAMAAJ&printsec=frontcover&img=1&zoom=1&source=gbs_api', 190, '2022-07-10 10:53:54', '2023-03-27 19:53:00'),
(1249, 19, NULL, 'County Reports and Maps ... Braxton and Clay Counties', 'No description available', 'http://books.google.com/books/content?id=CqsRAAAAIAAJ&printsec=frontcover&img=1&zoom=1&source=gbs_api', 970, '2021-06-17 16:41:36', '2023-03-27 19:17:00'),
(1250, 19, NULL, 'FID Publication', 'No description available', 'http://books.google.com/books/content?id=sEY8AAAAIAAJ&printsec=frontcover&img=1&zoom=1&source=gbs_api', NULL, '2022-06-29 22:04:01', '1965-03-27 17:10:59'),
(1251, 19, 367, 'Like a Raging Fire', 'This biography depicts and evaluates the life and work of one of the most distinguished, influential rabbis of the twentieth century.', 'http://books.google.com/books/content?id=QrWOAAAAMAAJ&printsec=frontcover&img=1&zoom=1&source=gbs_api', 136, '2022-09-29 10:49:09', '1993-03-27 17:10:59'),
(1252, 19, NULL, 'Early American Book Illustrators and Wood Engravers, 1670-1870', 'No description available', 'http://books.google.com/books/content?id=Ax1XAAAAMAAJ&printsec=frontcover&img=1&zoom=1&source=gbs_api', 218, '2022-09-10 11:09:56', '1968-03-27 17:10:59'),
(1253, 19, NULL, 'Catalogue of Title Entries of Books and Other Articles Entered in the Office of the Register of Copyrights, Library of Congress, at Washington, D.C.', 'No description available', 'http://books.google.com/books/content?id=6RFBAQAAIAAJ&printsec=frontcover&img=1&zoom=1&source=gbs_api', 878, '2022-06-26 06:45:40', '2023-03-27 19:52:00'),
(1254, 19, NULL, 'Catalog of Copyright Entries, Third Series', 'No description available', 'http://books.google.com/books/content?id=-jGdoEUfWGsC&printsec=frontcover&img=1&zoom=1&source=gbs_api', NULL, '2021-11-19 12:17:10', '2023-03-27 19:53:00'),
(1255, 19, NULL, 'Works of Art', 'No description available', 'http://books.google.com/books/content?id=dsgOAQAAMAAJ&printsec=frontcover&img=1&zoom=1&source=gbs_api', NULL, '2022-06-17 05:46:30', '2023-03-27 19:52:00'),
(1256, 19, NULL, 'Trippings in Author-land, by F.F.', 'No description available', NULL, NULL, '2022-01-15 13:00:47', '2023-03-27 18:46:00'),
(1257, 19, NULL, 'The Baptist Quarterly', 'No description available', 'http://books.google.com/books/content?id=YWcmAQAAIAAJ&printsec=frontcover&img=1&zoom=1&source=gbs_api', 886, '2021-06-25 19:41:53', '1977-03-27 17:10:59'),
(1258, 19, NULL, 'The Journal of Arizona History', 'No description available', 'http://books.google.com/books/content?id=JeGXJBjxfxIC&printsec=frontcover&img=1&zoom=1&source=gbs_api', NULL, '2022-09-19 06:22:58', '1982-03-27 17:10:59'),
(1259, 19, 368, 'The History Student Writer\'s Manual', 'Brief, yet comprehensive, this user-friendly text/reference provides history students with practical advice about how to improve their writing and study skills while learning about history. It presents the discipline of history as a very relevant social science, demystifies the writing process, lessens students\' anxiety over library research, and reviews the rudimentary skills necessary for \"surviving\" a college history course. It offers guides to preparing different types of history papers and features fun and interesting creative writing exercises that invite students into the world of writing history in unique ways that are more enjoyable than traditional approaches.', 'http://books.google.com/books/content?id=v2gTAQAAIAAJ&printsec=frontcover&img=1&zoom=1&source=gbs_api', 232, '2022-02-12 14:30:55', '1998-03-27 17:10:59'),
(1260, 19, 369, 'Revolutionizing Children\'s Records', 'This book is a history of the first commercially significant record clubs in the world - two related companies: Young People\'s Records and Children\'s Record Guild - and how they intersected important developments in the histories of mass marketing, recording technology, educational philosophy, folk music, contemporary composition, and Cold War politics.', 'http://books.google.com/books/content?id=_IkHAQAAMAAJ&printsec=frontcover&img=1&zoom=1&source=gbs_api', 390, '2021-04-02 23:11:25', '2023-03-27 20:08:00'),
(1261, 19, 370, 'The Gentle Persuader', 'Biography of first treaty Indian to be appointed to the Senate of Canada who was born and raised on the Blood Reserve in Alberta. Includes chapter on the Indian Association of Alberta.', 'http://books.google.com/books/content?id=IRmP_uvsFqUC&printsec=frontcover&img=1&zoom=1&source=gbs_api', 225, '2022-03-31 16:23:34', '1986-03-27 17:10:59'),
(1262, 19, 371, 'Shattered Vows', 'No description available', 'http://books.google.com/books/content?id=2rntRmXMSO8C&printsec=frontcover&img=1&zoom=1&source=gbs_api', 294, '2023-02-19 17:10:15', '1990-03-27 17:10:59'),
(1263, 19, NULL, 'The Other American', 'The author of the college course book \"America Divided\" now offers an epic biography of Michael Harrington, \"the man who discovered poverty\" and inspired a generation.', 'http://books.google.com/books/content?id=O4h5AAAAIAAJ&printsec=frontcover&img=1&zoom=1&source=gbs_api', 480, '2023-03-21 06:46:38', NULL),
(1264, 19, NULL, 'Three Southern Families', 'No description available', 'http://books.google.com/books/content?id=7qBRAAAAMAAJ&printsec=frontcover&img=1&zoom=1&source=gbs_api', 416, '2022-07-14 04:27:09', '1994-03-27 17:10:59'),
(1265, 19, NULL, 'Mid-America Folklore', 'No description available', 'http://books.google.com/books/content?id=h1jYAAAAMAAJ&printsec=frontcover&img=1&zoom=1&source=gbs_api', 216, '2021-11-10 22:25:50', '1983-03-27 17:10:59'),
(1266, 19, NULL, 'County Reports', 'No description available', 'http://books.google.com/books/content?id=ILIMAAAAYAAJ&printsec=frontcover&img=1&zoom=1&source=gbs_api', 972, '2022-01-28 03:06:44', '2023-03-27 19:17:00'),
(1267, 19, NULL, 'Brand Book', 'No description available', 'http://books.google.com/books/content?id=CCcjAQAAIAAJ&printsec=frontcover&img=1&zoom=1&source=gbs_api', 226, '2022-06-30 14:43:05', '1979-03-27 17:10:59'),
(1268, 19, NULL, 'If Not Me, Who?', 'No description available', 'http://books.google.com/books/content?id=biAbGOqa3CsC&printsec=frontcover&img=1&zoom=1&source=gbs_api', 1020, '2022-01-16 10:45:44', '2023-03-27 20:04:00'),
(1269, 19, NULL, 'Journal of Beckett Studies', 'No description available', 'http://books.google.com/books/content?id=iKuaAAAAIAAJ&printsec=frontcover&img=1&zoom=1&source=gbs_api', 180, '2022-07-07 00:31:44', '1985-03-27 17:10:59'),
(1270, 19, 372, 'Edward Lansdale, the Unquiet American', 'The Village Voice called the complex life of U.S. Air Force major general and CIA agent Edward G. Lansdale one of \"Technicolor fascination\". The maverick military thinker\'s brilliant counterinsurgency tactics preserved democracy in the Philippines, but his subsequent efforts to create \"a broad-based, open society\" in Vietnam failed following his return to the United States in 1956. Lansdale later led an undercover organization dedicated to bringing down Fidel Castro. This important biography of the legendary intelligence operative and master of political and psychological warfare is now available as a Brassey\'s Five-Star Paperback.', 'http://books.google.com/books/content?id=hWgXAQAAIAAJ&printsec=frontcover&img=1&zoom=1&source=gbs_api', 472, '2022-08-30 07:21:07', '1998-03-27 17:10:59'),
(1271, 19, 373, 'Down on the Killing Floor', 'This detailed study of the relationship between race relations and unionization in Chicago\'s meatpacking industry draws on traditional primary and secondary materials and on an extensive set of interviews conducted in the mid-1980s that explore subjective dimensions of the workers\' experience.', 'http://books.google.com/books/content?id=Lb6wAAAAIAAJ&printsec=frontcover&img=1&zoom=1&source=gbs_api', 344, '2022-04-30 02:44:36', '1997-03-27 17:10:59'),
(1272, 19, NULL, 'The Hosken Report', 'No description available', 'http://books.google.com/books/content?id=clK3AAAAIAAJ&printsec=frontcover&img=1&zoom=1&source=gbs_api', 378, '2021-11-19 18:34:28', '1982-03-27 17:10:59'),
(1273, 19, NULL, 'Author\'s Rights in Medal Art', 'No description available', NULL, 14, '2022-05-22 14:01:29', '1973-03-27 17:10:59'),
(1274, 19, NULL, 'Prelude to the Space Age', 'No description available', 'http://books.google.com/books/content?id=-JRHAQAAMAAJ&printsec=frontcover&img=1&zoom=1&source=gbs_api', 207, '2021-12-22 03:00:16', '1983-03-27 17:10:59'),
(1275, 19, NULL, 'Book Auction Records', 'A priced and annotated annual record of international book auctions.', 'http://books.google.com/books/content?id=BcM3AAAAMAAJ&printsec=frontcover&img=1&zoom=1&source=gbs_api', 904, '2022-05-13 20:03:07', '2023-03-27 19:24:00'),
(1276, 19, 374, 'Trippings in Author-Land', 'This work has been selected by scholars as being culturally important, and is part of the knowledge base of civilization as we know it. This work was reproduced from the original artifact, and remains as true to the original work as possible. Therefore, you will see the original copyright references, library stamps (as most of these works have been housed in our most important libraries around the world), and other notations in the work. This work is in the public domain in the United States of America, and possibly other nations. Within the United States, you may freely copy and distribute this work, as no entity (individual or corporate) has a copyright on the body of the work. As a reproduction of a historical artifact, this work may contain missing or blurred pages, poor pictures, errant marks, etc. Scholars believe, and we concur, that this work is important enough to be preserved, reproduced, and made generally available to the public. We appreciate your support of the preservation process, and thank you for being an important part of keeping this knowledge alive and relevant.', 'http://books.google.com/books/content?id=Bg49vgAACAAJ&printsec=frontcover&img=1&zoom=1&source=gbs_api', NULL, '2021-07-15 11:01:57', NULL),
(1277, 19, NULL, 'Trippings in author-land, by F. F.', 'No description available', NULL, NULL, '2022-07-05 22:31:56', '2023-03-27 18:46:00'),
(1278, 19, NULL, 'The Celebrative Landscape', 'No description available', 'http://books.google.com/books/content?id=1NhLpx5Q23wC&printsec=frontcover&img=1&zoom=1&source=gbs_api', 274, '2021-08-20 17:55:19', '2023-03-27 20:03:00'),
(1279, 19, NULL, 'The Dolores Cameron Venable Memorial Collection', 'No description available', 'http://books.google.com/books/content?id=UKMQAQAAIAAJ&printsec=frontcover&img=1&zoom=1&source=gbs_api', 24, '2022-04-03 19:25:50', '2023-03-27 19:39:00'),
(1280, 19, NULL, 'The Filson Club History Quarterly', 'Includes list of members.', 'http://books.google.com/books/content?id=JSkUAAAAYAAJ&printsec=frontcover&img=1&zoom=1&source=gbs_api', 478, '2021-11-14 00:16:51', '2023-03-27 19:50:00'),
(1281, 19, NULL, 'Soviet Geography, Accomplishments and Tasks', 'No description available', 'http://books.google.com/books/content?id=YBI5AAAAIAAJ&printsec=frontcover&img=1&zoom=1&source=gbs_api', 468, '2022-04-12 02:27:52', '1962-03-27 17:11:00'),
(1282, 19, NULL, 'Journal of American Culture', 'No description available', 'http://books.google.com/books/content?id=b0A_Bw6E1kYC&printsec=frontcover&img=1&zoom=1&source=gbs_api', NULL, '2021-11-13 15:11:21', '1981-03-27 17:11:00'),
(1283, 19, NULL, 'Nature and environmental issues in America', 'No description available', 'http://books.google.com/books/content?id=a04IAQAAMAAJ&printsec=frontcover&img=1&zoom=1&source=gbs_api', 179, '2022-07-22 13:07:44', '1994-03-27 17:11:00'),
(1284, 19, NULL, 'Washita Memories', '\"Hardorff turned up first-hand accounts and oral histories of this clash of cultures on the southern plains, including oral histories that had been handed down through Cheyenne families until they were finally recorded or transcribed.\" -- From the publisher.', 'http://books.google.com/books/content?id=kbwXAQAAMAAJ&printsec=frontcover&img=1&zoom=1&source=gbs_api', 502, '2022-10-19 15:32:51', '2023-03-27 20:08:00'),
(1285, 19, 375, 'Iron from the Deep', 'Comments from the secretary of the navy who spurred the building of the Monitor, the captain who engaged her, and the young lieutenant who survived the sinking add color to these historically significant events.\"', 'http://books.google.com/books/content?id=TER3AAAAMAAJ&printsec=frontcover&img=1&zoom=1&source=gbs_api', 288, '2021-10-27 06:46:19', '2023-03-27 20:04:00'),
(1286, 19, NULL, 'Japan\'s Foreign Policy Maturation', 'No description available', 'http://books.google.com/books/content?id=H4e6AAAAIAAJ&printsec=frontcover&img=1&zoom=1&source=gbs_api', 646, '2022-05-15 12:28:40', '2023-03-27 20:00:00'),
(1287, 19, 376, 'The Welfare Experiments', 'In this book, Rogers-Dillon argues that these welfare experiments of the 1990s were not simply scientific experiments, as their supporters frequently contend, but a powerful political tool that created a framework within which few could argue successfully against the welfare policy changes.', 'http://books.google.com/books/content?id=Pem5AAAAIAAJ&printsec=frontcover&img=1&zoom=1&source=gbs_api', 280, '2021-07-01 10:58:39', NULL),
(1288, 19, 377, 'Cultures in Orbit', 'In 1957 Sputnik, the world\'s first man-made satellite, dazzled people as it zipped around the planet. By the beginning of the twenty-first century, more than eight thousand satellites orbited the Earth, and satellite practices such as live transmission, direct broadcasting, remote sensing, and astronomical observation had altered how we imagined ourselves in relation to others and our planet within the cosmos. In Cultures in Orbit, Lisa Parks analyzes these satellite practices and shows how they have affected meanings of \"the global\" and \"the televisual.\" Parks suggests that the convergence of broadcast, satellite, and computer technologies necessitates an expanded definition of \"television,\" one that encompasses practices of military monitoring and scientific observation as well as commercial entertainment and public broadcasting. Roaming across the disciplines of media studies, geography, and science and technology studies, Parks examines uses of satellites by broadcasters, military officials, archaeologists, and astronomers. She looks at Our World, a live intercontinental television program that reached five hundred million viewers in 1967, and Imparja tv, an Aboriginal satellite tv network in Australia. Turning to satellites\' remote-sensing capabilities, she explores the U.S. military\'s production of satellite images of the war in Bosnia as well as archaeologists\' use of satellites in the excavation of Cleopatra\'s palace in Alexandria, Egypt. Parks\'s reflections on how Western fantasies of control are implicated in the Hubble telescope\'s views of outer space point to a broader concern: that while satellite uses promise a \"global village,\" they also cut and divide the planet in ways that extend the hegemony of the post-industrial West. In focusing on such contradictions, Parks highlights how satellites cross paths with cultural politics and social struggles.', 'http://books.google.com/books/content?id=CbdkAAAAMAAJ&printsec=frontcover&img=1&zoom=1&source=gbs_api', 264, '2021-06-06 05:23:48', '2023-03-27 20:05:00'),
(1289, 19, NULL, 'Experiences in Theatrical Spaces', 'No description available', 'http://books.google.com/books/content?id=VcXtAAAAMAAJ&printsec=frontcover&img=1&zoom=1&source=gbs_api', 254, '2021-05-12 20:41:38', '2023-03-27 20:04:00'),
(1290, 19, NULL, 'Occasional Publication', 'No description available', 'http://books.google.com/books/content?id=VFpXAAAAMAAJ&printsec=frontcover&img=1&zoom=1&source=gbs_api', 446, '2022-04-02 14:04:06', '1962-03-27 17:11:00'),
(1291, 19, 378, 'Pandora\'s Locks', 'The St. Lawrence Seaway was considered one of the world\'s greatest engineering achievements when it opened in 1959. The $1 billion project-a series of locks, canals, and dams that tamed the ferocious St. Lawrence River-opened the Great Lakes to the global shipping industry. Linking ports on lakes Superior, Michigan, Huron, Erie, and Ontario to shipping hubs on the world\'s seven seas increased global trade in the Great Lakes region. But it came at an extraordinarily high price. Foreign species that immigrated into the lakes in ocean freighters\' ballast water tanks unleashed a biological shift that reconfigured the world\'s largest freshwater ecosystems. Pandora\'s Locks is the story of politicians and engineers who, driven by hubris and handicapped by ignorance, demanded that the Seaway be built at any cost. It is the tragic tale of government agencies that could have prevented ocean freighters from laying waste to the Great Lakes ecosystems, but failed to act until it was too late. Blending science with compelling personal accounts, this book is the first comprehensive account of how inviting transoceanic freighters into North America\'s freshwater seas transformed these wondrous lakes.', 'http://books.google.com/books/content?id=X69QAQAAMAAJ&printsec=frontcover&img=1&zoom=1&source=gbs_api', 486, '2022-09-19 13:02:53', NULL),
(1292, 19, NULL, 'Studies in Bibliography', 'No description available', 'http://books.google.com/books/content?id=Uc8SAAAAIAAJ&printsec=frontcover&img=1&zoom=1&source=gbs_api', 268, '2021-07-11 17:03:29', '2023-03-27 19:51:00'),
(1293, 19, NULL, 'Brigham Young University Studies', 'No description available', 'http://books.google.com/books/content?id=g-FKAAAAYAAJ&printsec=frontcover&img=1&zoom=1&source=gbs_api', 874, '2021-08-10 23:32:04', '1991-03-27 17:11:00'),
(1294, 19, 379, 'Handbook on Agricultural Education in Public Schools', 'The Handbook on Agricultural Education in Public Schools, sixth edition is the leading text for college students enrolled in agricultural education programs, and it is now available in its sixth edition. This edition addresses all components of effective middle school and high school agricultural education programs within the context of national educational policies and trends in schooling. Sound philosophical perspectives, research-based practices, and application scenarios are offered throughout. This text emphasizes contemporary approaches for developing and delivering agricultural education programs, with detailed focus on strategies for enhancing learning in the core subjects, experiential learning, laboratory instruction, and problem solving. It is designed as the perfect reference for university students who are preparing to become agriculture educators in public schools, and emphasizes inquiry-based, problem solving, and experiential learning strategies for teaching and learning in agricultural education. This established book functions not only as an ideal text but as a professional reference as well.', 'http://books.google.com/books/content?id=x0wbAQAAMAAJ&printsec=frontcover&img=1&zoom=1&source=gbs_api', 600, '2022-03-22 06:51:52', '2023-03-27 20:08:00'),
(1295, 19, NULL, 'Labour History', 'No description available', 'http://books.google.com/books/content?id=OUQDSd0yrogC&printsec=frontcover&img=1&zoom=1&source=gbs_api', NULL, '2021-07-10 01:30:08', '2023-03-27 20:07:00'),
(1296, 19, NULL, 'Jochen Peiper', 'No description available', 'http://books.google.com/books/content?id=zbsWAQAAIAAJ&printsec=frontcover&img=1&zoom=1&source=gbs_api', 692, '2022-06-28 21:22:40', '1999-03-27 17:11:00'),
(1297, 19, NULL, 'Oregon Historical Quarterly', 'No description available', 'http://books.google.com/books/content?id=dZeznBI6k7oC&printsec=frontcover&img=1&zoom=1&source=gbs_api', 140, '2022-03-16 12:52:19', '2023-03-27 20:13:00'),
(1298, 19, NULL, 'The Index of Scientific Writings on Creativity: Creative Men and Women', 'No description available', 'http://books.google.com/books/content?id=IIIZAAAAMAAJ&printsec=frontcover&img=1&zoom=1&source=gbs_api', 144, '2022-02-17 03:04:30', '1974-03-27 17:11:00'),
(1299, 19, NULL, 'Nebraska History', 'No description available', 'http://books.google.com/books/content?id=LgdHBhxESMkC&printsec=frontcover&img=1&zoom=1&source=gbs_api', NULL, '2022-04-09 22:25:02', '1997-03-27 17:11:00'),
(1300, 19, 380, 'The Southern Pacific, 1901-1985', 'No description available', 'http://books.google.com/books/content?id=-DdPAAAAMAAJ&printsec=frontcover&img=1&zoom=1&source=gbs_api', 406, '2021-09-02 07:58:16', '1986-03-27 17:11:00'),
(1301, 19, NULL, 'Books in Print', 'No description available', 'http://books.google.com/books/content?id=lZhBAQAAIAAJ&printsec=frontcover&img=1&zoom=1&source=gbs_api', NULL, '2021-10-16 03:58:27', '2023-03-27 19:59:00'),
(1302, 19, NULL, 'Pacific Insects', 'No description available', 'http://books.google.com/books/content?id=TkslAQAAMAAJ&printsec=frontcover&img=1&zoom=1&source=gbs_api', NULL, '2022-12-29 15:09:33', '1970-03-27 17:11:00'),
(1303, 19, NULL, 'Browning Society Notes', 'No description available', 'http://books.google.com/books/content?id=rwMiAQAAMAAJ&printsec=frontcover&img=1&zoom=1&source=gbs_api', NULL, '2021-11-22 15:13:21', '1997-03-27 17:11:00'),
(1304, 19, NULL, 'Eco-nationalism', 'Examines the rise of the anti-nuclear power movement in the former Soviet Union during the early perestroika period, its unexpected successes in the late 1980s, and its decline after 1991. This book argues that anti-nuclear activism was a surrogate for nationalism, and a means of demanding greater local self-determination under the Soviet system.', 'http://books.google.com/books/content?id=LtW1AAAAIAAJ&printsec=frontcover&img=1&zoom=1&source=gbs_api', 221, '2023-01-30 11:10:57', '1996-03-27 17:11:00'),
(1305, 19, NULL, 'Christ in Christian Tradition: From the Council of Chalcedon (451) to Gregory the Great (590-604). Pt. 1. Reception and Contradicition. Pt. 2. The church of Constantinople in the sixth century. Pt. 4 The Church of Alexandria with Nubia and Ethiopia after 451', 'No description available', 'http://books.google.com/books/content?id=Vs_YAAAAMAAJ&printsec=frontcover&img=1&zoom=1&source=gbs_api', 600, '2021-06-07 01:38:28', '1975-03-27 17:11:00'),
(1306, 19, NULL, 'Hispanics in the Mormon Zion, 1912-1999', 'Drawing upon his deep knowledge of Ezra Pound\'s life and work, William Cookson provides introductory background material to each canto and a detailed, page-by-page commentary identifying quotations, explaining allusions and cross references, and translating foreign phrases. Expanded to include previously unavailable cantos, this book is an invaluable reference tool for Pound scholars and any interested reader.', 'http://books.google.com/books/content?id=XwoUAAAAYAAJ&printsec=frontcover&img=1&zoom=1&source=gbs_api', 236, '2022-09-20 01:37:01', '2023-03-27 20:00:00'),
(1307, 19, NULL, 'Rutgers Series on Systems for the Intellectual Organization of Information', 'No description available', 'http://books.google.com/books/content?id=sQhPAAAAIAAJ&printsec=frontcover&img=1&zoom=1&source=gbs_api', 312, '2022-10-01 20:47:41', '1965-03-27 17:11:00'),
(1308, 19, NULL, 'Other Voices', 'No description available', 'http://books.google.com/books/content?id=SgTXAAAAMAAJ&printsec=frontcover&img=1&zoom=1&source=gbs_api', 392, '2023-01-03 08:17:31', '2023-03-27 20:06:00');
INSERT INTO `livre` (`id`, `langue_id`, `editeur_id`, `titre`, `description`, `couverture`, `page`, `date_acquisition`, `date_parution`) VALUES
(1309, 19, NULL, 'Chronicles of Oklahoma', 'No description available', 'http://books.google.com/books/content?id=qzIUAAAAYAAJ&printsec=frontcover&img=1&zoom=1&source=gbs_api', 560, '2022-01-30 05:54:04', '2023-03-27 20:05:00'),
(1310, 19, 381, 'English Porcelain, 1745-1850', 'Illustrated articles by specialists on sixteen factories or china producing areas. Includes list of porcelain museums in the U.S.A. and Great Britain.', 'http://books.google.com/books/content?id=4jYOAQAAIAAJ&printsec=frontcover&img=1&zoom=1&source=gbs_api', 280, '2021-12-25 05:48:22', '1965-03-27 17:11:00'),
(1311, 19, NULL, 'User\'s Guide to EUREKA and EURUP', 'No description available', 'http://books.google.com/books/content?id=HjhunBI1OfEC&printsec=frontcover&img=1&zoom=1&source=gbs_api', 95, '2022-01-25 08:32:18', '1979-03-27 17:11:00'),
(1312, 19, 382, 'Afghanistan', 'US and international officials are hopeful that Afghanistan is emerging from over 22 years of warfare and instability, although substantial risk to Afghan stability remains. This new book examines Afghanistan\'s historical past and the future of a post-Taliban Afghanistan, along with the US role in reconstructing a stable and moderate state. Also, this book reviews the economy of Afghanistan and the obstacles it must overcome.', 'http://books.google.com/books/content?id=zeIuAQAAIAAJ&printsec=frontcover&img=1&zoom=1&source=gbs_api', 160, '2023-02-04 20:46:04', '2023-03-27 20:01:00'),
(1313, 19, NULL, 'The Bulletin', 'No description available', 'http://books.google.com/books/content?id=YaQrAAAAYAAJ&printsec=frontcover&img=1&zoom=1&source=gbs_api', 598, '2021-08-24 16:36:52', '1996-03-27 17:11:00'),
(1314, 19, 383, 'Chadha', 'In 1973 Jagdish Chadha found himself a man without a country, the victim of the decolonization of Kenya where, as a Kenyan of Indian descent, he was not allowed to return after having spent six years in the U.S. as a student. Barbara Hinkson Craig describes Chadha\'s effort to achieve legal residency in the U.S. and shows how it led to the Supreme Court decision to overrule the legislative veto, adjusting the balance of powers in the United States government.', 'http://books.google.com/books/content?id=APMDAAAAIAAJ&printsec=frontcover&img=1&zoom=1&source=gbs_api', 292, '2022-09-25 21:55:58', '1988-03-27 17:11:00'),
(1315, 19, NULL, 'Civil-security Relations in Tanzania', 'In any democratic society, healthy relations ideally operate in a triangular relationship comprising security services, civil authority and civil society, which contributes to the enhancement of peace and security. This model ensures greater transparency and accountability, as well as more effective civil control. Furthermore, under such democratic relations, conduct is more aligned with the loftier goals of national interests and objectives. This monograph contains five of the papers delivered at a workshop during 2005, that investigated the relationship between the state, security services and civil society in Tanzania, as well as some comments and conclusions emanating from it.', 'http://books.google.com/books/content?id=qlkxAQAAIAAJ&printsec=frontcover&img=1&zoom=1&source=gbs_api', 100, '2021-09-10 11:37:50', '2023-03-27 20:06:00'),
(1316, 19, NULL, 'Civil War Regiments', 'No description available', 'http://books.google.com/books/content?id=H3ITAQAAMAAJ&printsec=frontcover&img=1&zoom=1&source=gbs_api', 1042, '2023-02-10 11:25:49', '1998-03-27 17:11:00'),
(1317, 19, 384, 'UK MARC Manual', 'No description available', 'http://books.google.com/books/content?id=uHU8AAAAMAAJ&printsec=frontcover&img=1&zoom=1&source=gbs_api', 134, '2022-05-22 00:40:38', '1975-03-27 17:11:00'),
(1318, 19, NULL, 'Pan-Africanism Or Pragmatism?', 'No description available', 'http://books.google.com/books/content?id=ZlVuAAAAMAAJ&printsec=frontcover&img=1&zoom=1&source=gbs_api', 342, '2021-06-29 14:33:40', '2023-03-27 20:08:00'),
(1319, 19, NULL, 'A Descriptive Survey of Career Women in United States Television Stations and Various Job and Attitude Factors Affecting Their Employment', 'No description available', 'http://books.google.com/books/content?id=joFRAAAAMAAJ&printsec=frontcover&img=1&zoom=1&source=gbs_api', 210, '2021-04-02 21:42:42', '1966-03-27 17:11:00'),
(1320, 19, 385, 'Unmasking the Bandits', 'No description available', 'http://books.google.com/books/content?id=gFcwAQAAIAAJ&printsec=frontcover&img=1&zoom=1&source=gbs_api', 104, '2021-08-15 19:34:53', '1990-03-27 17:11:00'),
(1321, 19, NULL, 'Pan-Africanism Or Pragmatism?', 'No description available', 'http://books.google.com/books/content?id=ZlVuAAAAMAAJ&printsec=frontcover&img=1&zoom=1&source=gbs_api', 342, '2021-05-19 13:02:19', '2023-03-27 20:08:00'),
(1322, 19, NULL, 'A Descriptive Survey of Career Women in United States Television Stations and Various Job and Attitude Factors Affecting Their Employment', 'No description available', 'http://books.google.com/books/content?id=joFRAAAAMAAJ&printsec=frontcover&img=1&zoom=1&source=gbs_api', 210, '2021-10-21 11:47:22', '1966-03-27 17:11:01'),
(1323, 19, 385, 'Unmasking the Bandits', 'No description available', 'http://books.google.com/books/content?id=gFcwAQAAIAAJ&printsec=frontcover&img=1&zoom=1&source=gbs_api', 104, '2022-12-26 22:17:42', '1990-03-27 17:11:01'),
(1324, 19, NULL, 'Journal', 'No description available', 'http://books.google.com/books/content?id=A0ooAQAAIAAJ&printsec=frontcover&img=1&zoom=1&source=gbs_api', 664, '2022-09-07 19:47:14', '2023-03-27 20:04:00'),
(1325, 19, 386, 'Forgotten Summers', 'At about 45 one-month-long camps (CMTC) run each summer by the Army, young volunteers experienced the challenges & satisfactions of soldiering. Reserve Colonel Harry Truman was once a CMTC commander; Ronald Reagan was commissioned through CMTC; Generals Pershing, MacArthur, & Marshall were active in the program; & while training, it inspired 17-year-old Robert Penn Warren\'s first poem. \"This first (account) of the CMTC is a resounding success. ...Kington presents institutional history in human terms, with fascinating results,\"--Bernard Nalty, author & retired Air Force historian; \"Kington\'s history of CMTC vividly recreates an almost forgotten chapter in the history of the U.S. Army...,\"--J. Garry Clifford, author of THE CITIZEN SOLDIERS; \"(This) very readable book...makes good use of lively memories of almost 100 veterans to remind us of the place of CMTC in our history,\"--Edward Coffman, THE OLD ARMY; \"(Finally) we have a definitive account of one of America\'s most significant, yet least known, social programs for young men....(The book) is an invaluable contribution to the current debate on national youth service...,\"--Charles Moskos, A CALL TO CIVIC SERVICE. To order send $18.75, plus $2 postage/handling to: Two Decades Publishing, Box A-169, 3739 Balboa St., San Francisco, CA 94121, Phone: (415) 752-9511.', 'http://books.google.com/books/content?id=W3sxAQAAIAAJ&printsec=frontcover&img=1&zoom=1&source=gbs_api', 260, '2021-12-13 04:25:28', '1995-03-27 17:11:01'),
(1326, 19, 387, 'Social Work', 'This introductory textbook distinguishes itself from others, because it takes a discipline approach rather than a social problems approach to framing the foundations of social work knowledge, values, and skills. This is a revision of the very first text to fully incorporate the strengths or empowerment perspective. The text takes a strong generalist eco-systems approach, while integrating material from the CSWE education core: values and ethics, cultural diversity, social justice, social work practice, human behavior, populations at risk, and policy and services. The text details the roles of the social worker in the functions of consultation, resource management, and education, and presents an easy-to-understand paradigm that shows students how the partnership between practitioners and consumers takes place at all systems levels.', 'http://books.google.com/books/content?id=CahZAAAAYAAJ&printsec=frontcover&img=1&zoom=1&source=gbs_api', 548, '2021-09-01 09:28:40', '2023-03-27 20:02:00'),
(1327, 19, 388, 'Hitler\'s Last Weapons', 'Beskriver V1 og V2 raketvåbensystemerne i Tyskland under 2. verdenskrig', 'http://books.google.com/books/content?id=4UlnAAAAMAAJ&printsec=frontcover&img=1&zoom=1&source=gbs_api', 304, '2022-06-25 13:04:21', '1978-03-27 17:11:01'),
(1328, 19, NULL, 'Christ in Christian Tradition: From the Council of Chalcedon (451) to Gregory the Great (590-604); pt. 1. Rececption and Contradiction. The development of the discussion about Chalcedon from 451 to the beginning of the reign of Justinian; pt. 2. The Church of Constantinople in the sixth century', 'No description available', 'http://books.google.com/books/content?id=LX09AAAAYAAJ&printsec=frontcover&img=1&zoom=1&source=gbs_api', 600, '2023-01-05 03:30:50', '1975-03-27 17:11:01'),
(1329, 19, 383, 'Sunbelt/snowbelt', 'No description available', 'http://books.google.com/books/content?id=hkazAAAAIAAJ&printsec=frontcover&img=1&zoom=1&source=gbs_api', 456, '2022-03-12 13:57:43', '1984-03-27 17:11:01'),
(1330, 19, NULL, 'Christ in Christian Tradition: From the Council of Chalcedon (451) to Gregory the Great (590-604). Pt. 1. Reception and contradiction : the development of the discussion about Chalcedon from 451 to the beginning of the reign of Justinian', 'No description available', 'http://books.google.com/books/content?id=w3slAQAAIAAJ&printsec=frontcover&img=1&zoom=1&source=gbs_api', 600, '2021-10-29 13:36:27', '1975-03-27 17:11:01'),
(1331, 19, NULL, 'American Presbyterians', 'No description available', 'http://books.google.com/books/content?id=7YrZAAAAMAAJ&printsec=frontcover&img=1&zoom=1&source=gbs_api', NULL, '2021-09-14 02:59:24', '1989-03-27 17:11:01'),
(1332, 19, NULL, 'The Dempsters', 'James Maclean Dempster (1810-1890) moved from Scotland to England, and immigrated to Fremantle in West Australia in 1831. He married an English immigrant, Ann Ellen Pratt, in 1836 and after her death, married Hester Frances Shaw in 1880. Descendants lived chiefly in West Australia.', 'http://books.google.com/books/content?id=fAwJAQAAIAAJ&printsec=frontcover&img=1&zoom=1&source=gbs_api', 340, '2021-10-22 23:15:27', '1978-03-27 17:11:01'),
(1333, 19, 389, 'The Enigma of General Blaskowitz', 'Blaskowitz, governor of occupied Poland, rev ealed to Hitler the SS atrocities committed against Poles an d Jews, and was removed from power. Indicted by the Allies f or war crimes, he died in mysterious circumstances before he could testify publicly. \'', 'http://books.google.com/books/content?id=sv5mAAAAMAAJ&printsec=frontcover&img=1&zoom=1&source=gbs_api', 552, '2021-07-15 18:24:16', '1997-03-27 17:11:01'),
(1334, 19, NULL, 'Library Science with a Slant to Documentation', 'No description available', 'http://books.google.com/books/content?id=jpgaAAAAMAAJ&printsec=frontcover&img=1&zoom=1&source=gbs_api', 436, '2022-06-07 05:31:35', '1967-03-27 17:11:01'),
(1335, 19, NULL, 'Report', 'No description available', 'http://books.google.com/books/content?id=dQxmF8j8Bd8C&printsec=frontcover&img=1&zoom=1&source=gbs_api', 30, '2022-03-29 11:21:39', '1965-03-27 17:11:01'),
(1336, 19, 390, 'SS 1', 'An examination of the curious demise of Reichsfuehrer SS Heinrich Himmler that investigates an extraordinary web of secret deals and international intrigue.', 'http://books.google.com/books/content?id=Mv5nAAAAMAAJ&printsec=frontcover&img=1&zoom=1&source=gbs_api', 310, '2022-12-27 02:44:51', '2023-03-27 20:01:00'),
(1337, 19, 375, 'Flying Black Ponies', '\"The tragic, the comic, the terrifying, the poignant are all part of the story of the Black Pony pilots who distinguished themselves in the Mekong Delta during the Vietnam War. Flying their turboprop Broncos \"down and dirty, low and slow,\" they killed more of the enemy and saved more allied lives with close-air support than all the other naval squadrons combined during the three years they saw action. Author Kit Lavell was part of this squadron of \"black sheep\" given a chance to make something of themselves flying these dangerous missions. The U.S. Navy\'s only land-based attack squadron, Light Attack Squadron Four (VAL-4) flew support missions for the counter insurgency forces, SEALs, and allied units in borrowed, propeller-driven OV-10s. For fixed-wing aircraft they were dangerous, unorthodox missions, a fact readers quickly come to appreciate\"--Dust jacket.', 'http://books.google.com/books/content?id=8W5uAAAAMAAJ&printsec=frontcover&img=1&zoom=1&source=gbs_api', 384, '2022-11-03 10:20:44', '2023-03-27 20:00:00'),
(1338, 19, 391, 'Comfortably Fixed', 'William Darby (1786-1870) married Betsey Pierce (1797-1822) in Putney, Vermont in 1814. After her death he moved his family to Orford, New Hampshire, where he met Mary Hale Mann (1799-1881), the daughter of Jared Mann and Mindwell Hale. They were married in Orford in 1823. They later moved to Bethany Township, Genesee Co., New York. In 1851 they moved to Brimfield, Peoria Co., Illinois, where they lived the rest of their lives. Descendants and relatives lived in Illinois, Iowa, Kansas, Arkansas, and elsewhere.', 'http://books.google.com/books/content?id=fVVGAAAAMAAJ&printsec=frontcover&img=1&zoom=1&source=gbs_api', 184, '2022-01-14 16:15:31', '1990-03-27 17:11:01'),
(1339, 19, NULL, 'A Centennial Story of the Lutheran Church in Texas. 1851-1951', 'No description available', 'http://books.google.com/books/content?id=v47TAAAAMAAJ&printsec=frontcover&img=1&zoom=1&source=gbs_api', 546, '2022-11-07 09:43:47', '2023-03-27 19:51:00'),
(1340, 19, NULL, 'The Favrot Family Papers: 1797-1802', 'No description available', 'http://books.google.com/books/content?id=ygwJAQAAIAAJ&printsec=frontcover&img=1&zoom=1&source=gbs_api', 384, '2021-09-03 05:49:08', '1988-03-27 17:11:01'),
(1341, 19, 392, 'Republic Studios', 'No description available', 'http://books.google.com/books/content?id=otFZAAAAMAAJ&printsec=frontcover&img=1&zoom=1&source=gbs_api', 280, '2022-06-20 05:12:47', '1979-03-27 17:11:01'),
(1342, 19, NULL, 'A Study of Nucleoli and Nucleolar Organizer Regions (NORs) in Fish', 'No description available', 'http://books.google.com/books/content?id=XXJPAAAAYAAJ&printsec=frontcover&img=1&zoom=1&source=gbs_api', 104, '2021-05-18 07:25:26', '1977-03-27 17:11:01'),
(1343, 19, NULL, 'The Works of Charles T. Griffes', 'No description available', 'http://books.google.com/books/content?id=7B0KAQAAMAAJ&printsec=frontcover&img=1&zoom=1&source=gbs_api', 600, '2023-03-20 07:03:37', '1983-03-27 17:11:01'),
(1344, 19, NULL, 'The Favrot Family Papers: 1690-1782', 'No description available', 'http://books.google.com/books/content?id=XQwJAQAAIAAJ&printsec=frontcover&img=1&zoom=1&source=gbs_api', 376, '2023-01-05 22:43:20', '1988-03-27 17:11:01'),
(1345, 19, NULL, 'Chicago Folk', 'Including over 200 of Flerlage\'s photographs of folk musicians during the 1960s, Chicago Folk presents a stunning portrait of a vibrant urban folk milieu. Featuring popular performers such as Bob Dylan and Joan Baez, as well as old and new traditional musicians like the New Lost City Ramblers and other blues, bluegrass, old-time, Cajun and gospel performers who appeared in Chicago, these images capture the broad scope of folk musicians who were part and parcel of the 1960s folk music revival in Chicago and elsewhere.', 'http://books.google.com/books/content?id=jtoXAQAAMAAJ&printsec=frontcover&img=1&zoom=1&source=gbs_api', 208, '2021-11-14 23:26:37', '2023-03-27 20:09:00'),
(1346, 19, NULL, 'Shared Musics and Minority Identities', 'No description available', 'http://books.google.com/books/content?id=TPrZAAAAMAAJ&printsec=frontcover&img=1&zoom=1&source=gbs_api', 404, '2022-12-20 22:55:51', '2023-03-27 20:06:00'),
(1347, 19, NULL, 'The Complete Poetical Works', 'No description available', NULL, 523, '2021-05-27 14:47:41', NULL),
(1348, 19, NULL, 'The Poetry of Learning', 'No description available', NULL, NULL, '2021-05-25 07:02:58', '1965-03-27 17:11:01'),
(1349, 19, NULL, 'MLIS LIBR 550 Research Projects', 'No description available', NULL, 42, '2021-06-23 13:56:58', '2023-03-27 20:00:00'),
(1350, 19, NULL, 'In Author Words', 'Collelction of quotes on writing by authors previously profiled in Potpourri literary magazine.', NULL, 64, '2023-03-01 02:20:44', NULL),
(1351, 19, 393, 'Irish Type Design', 'This book is splendid, a worthy successor to such beautifully-produced books on typography as - Verlietis Sixteenth-Century Printing Types of the Low Countries. No reviewer, in a review of this length, can do justice to it, or to the range of types it describes. In addition to 150 illustrations, it contains eight pages of bibliography and five pages of index. It will certainly become a standard work of reference for Irish typefacesí Printing Historical Society Bulletin', 'http://books.google.com/books/content?id=k5wVAQAAIAAJ&printsec=frontcover&img=1&zoom=1&source=gbs_api', 240, '2021-11-18 22:32:30', '1992-03-27 17:11:01'),
(1352, 19, NULL, 'The Use of Probabilistic Suffix Automata in Author Identification', 'No description available', NULL, 218, '2021-04-21 14:47:07', '1998-03-27 17:11:01'),
(1353, 19, NULL, 'Ghosts of the Past in Dickens\' Later Novels', 'No description available', NULL, 456, '2023-02-17 17:52:17', '1997-03-27 17:11:01'),
(1354, 19, 394, 'The Ultimate Netsuke Bibliography', 'The Ultimate Netsuke Bibliography is a comprehensive bibliography of more than 4,400 bibliographic print and non-print entries covering all aspects of Japanese netsuke, the miniature carvings which Japanese men used to suspend various items from the sash belt that fastened their kimono. It is organized into 15 major and 5 minor categories. Each category is further divided into 11 subcategories. Additional features include four indices (Author, Journal, Place, and Subject), and a variety of appendices. It contains 2,196 books, 1,861 journal articles (457 from the Netsuke Kenkyukai Study Journal), 367 from the Journal of the International Netsuke Collectors Society 1,494 auction catalogs, 431 items in French, 254 items in Japanese, 60 items prior to 1900, including 9 auction catalogs. Includes most materials published through the end of 1998. A section of Late Arrivals, including last minute submissions and items in early 1999, is listed as well. This volume is a necessity for every netsuke collector, bibliophile, art library and museum.', 'http://books.google.com/books/content?id=VZrrAAAAMAAJ&printsec=frontcover&img=1&zoom=1&source=gbs_api', 420, '2023-01-02 10:01:38', '1999-03-27 17:11:01'),
(1355, 19, NULL, 'Guide to the System of Cataloguing of the Reference Library', 'No description available', 'http://books.google.com/books/content?id=IxU9AAAAYAAJ&printsec=frontcover&img=1&zoom=1&source=gbs_api', 420, '2021-09-01 14:43:15', '2023-03-27 19:02:00'),
(1356, 19, NULL, 'Reveries and Recollections of a Naturalist', 'No description available', 'http://books.google.com/books/content?id=wDEZAAAAYAAJ&printsec=frontcover&img=1&zoom=1&source=gbs_api', 118, '2023-02-25 23:00:51', '1898-03-27 17:11:01'),
(1357, 19, NULL, 'Guide to the Manuscripts of the National English Documentation Centre, Grahamstown', 'No description available', 'http://books.google.com/books/content?id=_gozAQAAIAAJ&printsec=frontcover&img=1&zoom=1&source=gbs_api', 402, '2022-12-03 12:27:54', '1979-03-27 17:11:01'),
(1358, 19, NULL, 'A Survey on the Use of Alphabetical Forms in Author And/or Title Headings in the Catalogs of Israeli Libraries', 'No description available', NULL, 204, '2022-05-30 13:20:24', '1970-03-27 17:11:01'),
(1359, 19, NULL, 'Catalog of Copyright Entries. Fourth Series', 'No description available', 'http://books.google.com/books/content?id=OCc8XHu6lwIC&printsec=frontcover&img=1&zoom=1&source=gbs_api', 952, '2022-02-15 02:34:33', '2023-03-27 19:49:00'),
(1360, 19, 395, 'A Misplaced Massacre', 'On November 29, 1864, over 150 Native Americans, mostly women, children, and elderly, were slaughtered in one of the most infamous cases of state-sponsored violence in U.S. history. Kelman examines how generations of Americans have struggled with the question of whether the nation’s crimes, as well as its achievements, should be memorialized.', 'http://books.google.com/books/content?id=tyEq3Dd-4fEC&printsec=frontcover&img=1&zoom=1&edge=curl&source=gbs_api', 379, '2022-06-26 03:45:32', NULL),
(1361, 19, 396, 'Women in Wonderland', 'WILLA Award-winning history of famous women in Yellowstone.', 'http://books.google.com/books/content?id=ZrdVFY_Seo0C&printsec=frontcover&img=1&zoom=1&source=gbs_api', 308, '2022-12-24 16:52:26', '2023-03-27 20:12:00'),
(1362, 19, NULL, 'Georgia State Bar Journal', 'No description available', 'http://books.google.com/books/content?id=l1EvAQAAIAAJ&printsec=frontcover&img=1&zoom=1&source=gbs_api', 532, '2022-03-18 16:34:45', '1990-03-27 17:11:02'),
(1363, 19, NULL, 'An Ordinary Family', 'No description available', 'http://books.google.com/books/content?id=cMI6AAAAMAAJ&printsec=frontcover&img=1&zoom=1&source=gbs_api', 288, '2022-06-01 04:08:24', '2023-03-27 20:04:00'),
(1364, 19, NULL, 'Chinese Religion in Western Languages: 1991-1995', 'No description available', 'http://books.google.com/books/content?id=xA4ZAQAAIAAJ&printsec=frontcover&img=1&zoom=1&source=gbs_api', 184, '2022-12-04 20:09:12', '1985-03-27 17:11:02'),
(1365, 19, NULL, 'Report', 'No description available', 'http://books.google.com/books/content?id=Fb0jAQAAIAAJ&printsec=frontcover&img=1&zoom=1&source=gbs_api', 524, '2022-03-08 21:50:58', '1970-03-27 17:11:02'),
(1366, 19, NULL, 'Minority Rights Group Report', 'No description available', 'http://books.google.com/books/content?id=eUcbAQAAMAAJ&printsec=frontcover&img=1&zoom=1&source=gbs_api', 330, '2022-08-20 06:26:56', '1986-03-27 17:11:02'),
(1367, 19, NULL, 'Serials Catalog: Titles, A-N', 'No description available', 'http://books.google.com/books/content?id=WFRQAAAAYAAJ&printsec=frontcover&img=1&zoom=1&source=gbs_api', 866, '2022-12-02 22:45:11', '1985-03-27 17:11:02'),
(1368, 19, NULL, 'Journal of Presbyterian History', 'No description available', 'http://books.google.com/books/content?id=w7DtAAAAMAAJ&printsec=frontcover&img=1&zoom=1&source=gbs_api', 614, '2021-08-10 14:52:14', '2023-03-27 20:03:00'),
(1369, 19, NULL, 'Great Basin Anthropology ...', 'No description available', 'http://books.google.com/books/content?id=U2PlAAAAMAAJ&printsec=frontcover&img=1&zoom=1&source=gbs_api', 444, '2022-01-01 09:33:15', '1970-03-27 17:11:02'),
(1370, 19, NULL, 'Serials Catalog: Titles, O-Z; and Corporate body index', 'No description available', 'http://books.google.com/books/content?id=b1RQAAAAYAAJ&printsec=frontcover&img=1&zoom=1&source=gbs_api', 916, '2022-05-16 06:46:18', '1985-03-27 17:11:02'),
(1371, 19, NULL, 'Religion Index One', 'No description available', 'http://books.google.com/books/content?id=XIngAAAAMAAJ&printsec=frontcover&img=1&zoom=1&source=gbs_api', 598, '2021-04-30 00:00:17', '1990-03-27 17:11:02'),
(1372, 19, NULL, 'Independent Organizations in Author-itarian Regimes', 'This contribution explores the importance of independent organizations in authoritarian regimes. While some authoritarian governments delegate policy tasks to (relatively) autonomous agencies simply in order to improve their domestic or international image as modern political leaders or to build up democratic facades to conceal the actual nature of their regime, other political leaders do so in order to make their genuine commitment to economic growth and development more credible. This relates to the central questions of this paper: Why do political elites in authoritarian regimes craft, or accept the emergence of, (relatively) independent organizations? Which specific forms and functions of these organizations can be identified? The main observation of this paper is that authoritarian governments of so-called developmental states have effectively used (relatively) independent organizations in order to implement market-oriented reforms, to improve private-sector coordination, and to foster economic growth and development in the long run.', NULL, NULL, '2021-08-20 17:06:50', '2023-03-27 20:14:00'),
(1373, 19, NULL, 'Proceedings of the Annual Meeting', 'No description available', 'http://books.google.com/books/content?id=Xz9RAAAAYAAJ&printsec=frontcover&img=1&zoom=1&source=gbs_api', NULL, '2022-06-19 14:15:26', '1988-03-27 17:11:02'),
(1374, 20, NULL, 'Review', 'No description available', NULL, 3, '2021-06-18 15:11:26', '1972-03-27 17:11:02'),
(1375, 19, NULL, 'The Silent War', 'It is the ultimate book on South African military operations during the apartheid years. It deals with all the top secret raids by Special Forces into surrounding African states, the political dynamics which led to them and the turbulent history of the times.', 'http://books.google.com/books/content?id=i90vAQAAIAAJ&printsec=frontcover&img=1&zoom=1&source=gbs_api', 616, '2022-07-05 02:10:50', '1999-03-27 17:11:02'),
(1376, 19, 397, 'Introduction to Intellectual Property Law', 'Intellectual property law in the UK has been subject to drastic reforms as a result of requirements to comply with EC directives. In addition, an increasing body of international guidelines have been issued. This text looks at these matters.', 'http://books.google.com/books/content?id=U-5UAAAAMAAJ&printsec=frontcover&img=1&zoom=1&source=gbs_api', 500, '2021-11-12 08:07:36', '2023-03-27 20:01:00'),
(1377, 19, NULL, 'Digital Media', 'Contains all the key appellate decisions, civil and criminal, from the Court of Session and High Court of Justiciary in Scotland, together with selected cases decided at first instance. Also included are all decisions, as issued, on Scottish appeals to the House of Lords and the Privy Council', 'http://books.google.com/books/content?id=mEdKAQAAIAAJ&printsec=frontcover&img=1&zoom=1&source=gbs_api', 414, '2021-06-24 14:45:50', '1998-03-27 17:11:02'),
(1378, 19, 398, 'Empathy and Rage', 'The intense emotional responses of empathy and rage bracket a spectrum of feelings people confront when they consider the millions of women and girls who have undergone bolokoli, takhoundi, tukore ir gudni\'in - names in local languages for a procedure that mutilates female genitalia. Contributors not content with silent acquiescence have shown the courage to oppose a harmful practice that continues to plague women of African descent sentenced to a life of suffering through a damaging tradition.', 'http://books.google.com/books/content?id=aAkjAQAAMAAJ&printsec=frontcover&img=1&zoom=1&source=gbs_api', 244, '2022-10-29 15:14:04', '2023-03-27 20:09:00'),
(1379, 19, NULL, 'Poor\'s Manual of Industrials', 'No description available', 'http://books.google.com/books/content?id=pz5JAQAAMAAJ&printsec=frontcover&img=1&zoom=1&source=gbs_api', 2968, '2021-07-31 10:16:45', '2023-03-27 19:17:00'),
(1380, 19, NULL, 'The Flying Horse', 'No description available', 'http://books.google.com/books/content?id=sDN_10p-8kYC&printsec=frontcover&img=1&zoom=1&source=gbs_api', NULL, '2021-11-07 06:28:14', '2023-03-27 19:23:00'),
(1381, 19, 399, 'The land that tried to ban Santa', '«The land that tried to ban Santa» is a new Christmas fairy tale from Belarus. It was inspired by the real events that happened in the country during Christmas 2020, when Santa was officially banned because of his white beard and red coat — a combination of colours now strictly forbidden by the dictator (white-red-white flag was the flag of free Belarus). In the fairy tale, the people in black hunting for those dressed as Santa come across the real Santa – and they soon find the tables are turned. There is no need for a struggle in the story. All the good needs to do is to shine its light, no matter what. This fairy tale is for anyone who is ready to open their heart to a simple truth: presents are not something you need to deserve — they are there, waiting to be appreciated, if only you take the time to stop and see.', 'http://books.google.com/books/content?id=K6lVEAAAQBAJ&printsec=frontcover&img=1&zoom=1&edge=curl&source=gbs_api', 18, '2021-06-18 12:33:38', NULL),
(1382, 19, NULL, 'Catalogue of Harlequin Mills & Boon Books, 1909-March 2000', 'No description available', NULL, 278, '2022-01-31 07:03:47', NULL),
(1383, 19, NULL, 'Shaper of Seattle', '¿His achievements are woven into Seattle and the surrounding region so durably that they are taken for granted even as Puget Sound, Lake Washington, and Mount Rainier.¿¿Roy O. Hadley Despite Seattle¿s dismal condition upon his 1881 arrival, a young, ambitious, and educated Reginald Heber Thomson recognized the fledgling city¿s potential. Throughout the following decades, his dedicated guidance produced a workable sewage system, a clean, reliable water supply, regraded streets, and more. \"Shaper of Seattle\" recounts the life and work of an extraordinary man and his devotion to the Emerald City.', 'http://books.google.com/books/content?id=thpSAQAAIAAJ&printsec=frontcover&img=1&zoom=1&source=gbs_api', 244, '2022-03-22 08:03:29', '2023-03-27 20:09:00'),
(1384, 19, NULL, 'Journal of the West', 'No description available', 'http://books.google.com/books/content?id=8EEUAAAAYAAJ&printsec=frontcover&img=1&zoom=1&source=gbs_api', 472, '2021-11-13 16:00:48', '2023-03-27 20:02:00'),
(1385, 19, 400, 'Simple Relation Algebras', 'This monograph details several different methods for constructing simple relation algebras, many of which are new with this book. By drawing these seemingly different methods together, all are shown to be aspects of one general approach, for which several applications are given. These tools for constructing and analyzing relation algebras are of particular interest to mathematicians working in logic, algebraic logic, or universal algebra, but will also appeal to philosophers and theoretical computer scientists working in fields that use mathematics. The book is written with a broad audience in mind and features a careful, pedagogical approach; an appendix contains the requisite background material in relation algebras. Over 400 exercises provide ample opportunities to engage with the material, making this a monograph equally appropriate for use in a special topics course or for independent study. Readers interested in pursuing an extended background study of relation algebras will find a comprehensive treatment in author Steven Givant’s textbook, Introduction to Relation Algebras (Springer, 2017).', 'http://books.google.com/books/content?id=qwdGDwAAQBAJ&printsec=frontcover&img=1&zoom=1&edge=curl&source=gbs_api', 622, '2022-11-17 12:14:54', NULL),
(1386, 19, NULL, 'Proceedings of the Academy of Natural Sciences of Philadelphia', '\"Publications of the Academy of Natural Sciences of Philadelphia\": v. 53, 1901, p. 788-794.', 'http://books.google.com/books/content?id=lJUIAAAAIAAJ&printsec=frontcover&img=1&zoom=1&source=gbs_api', 734, '2022-01-30 00:42:15', '1973-03-27 17:11:02'),
(1387, 19, 401, 'Nonlinear Elastic Waves in Materials', 'The main goal of the book is a coherent treatment of the theory of propagation in materials of nonlinearly elastic waves of displacements, which corresponds to one modern line of development of the nonlinear theory of elastic waves. The book is divided on five basic parts: the necessary information on waves and materials; the necessary information on nonlinear theory of elasticity and elastic materials; analysis of one-dimensional nonlinear elastic waves of displacement – longitudinal, vertically and horizontally polarized transverse plane nonlinear elastic waves of displacement; analysis of one-dimensional nonlinear elastic waves of displacement – cylindrical and torsional nonlinear elastic waves of displacement; analysis of two-dimensional nonlinear elastic waves of displacement – Rayleigh and Love nonlinear elastic surface waves. The book is addressed first of all to people working in solid mechanics – from the students at an advanced undergraduate and graduate level to the scientists, professionally interesting in waves. But mechanics is understood in the broad sense, when it includes mechanical and other engineering, material science, applied mathematics and physics and so forth. The genesis of this book can be found in author’s years of research and teaching while a head of department at SP Timoshenko Institute of Mechanics (National Academy of Sciences of Ukraine), a member of Center for Micro and Nanomechanics at Engineering School of University of Aberdeen (Scotland) and a professor at Physical-Mathematical Faculty of National Technical University of Ukraine “KPI”. The book comprises 11 chapters. Each chapter is complemented by exercises, which can be used for the next development of the theory of nonlinear waves.', 'http://books.google.com/books/content?id=-4-4BAAAQBAJ&printsec=frontcover&img=1&zoom=1&edge=curl&source=gbs_api', 440, '2021-04-03 17:14:39', NULL),
(1388, 19, NULL, 'Intercontinental Press Combined with Inprecor', 'No description available', 'http://books.google.com/books/content?id=8zvvAAAAMAAJ&printsec=frontcover&img=1&zoom=1&source=gbs_api', 972, '2021-11-25 08:00:50', '1975-03-27 17:11:02'),
(1389, 21, 402, 'En avant toutes', 'Les femmes, le travail et le pouvoir Sheryl Sandberg, née en 1969, haut-placée chez Facebook, figure parmi les 50 femmes d’affaires les plus puissantes du monde d’après le magazine Fortune et parmi les 100 personnalités les plus influentes selon le Time. Ambitieuse, positive, elle se penche sur la place et l’avenir des femmes. Entre anecdotes personnelles et données factuelles, elle cherche à mettre fin aux idées reçues concernant le quotidien et les choix de vie des femmes qui travaillent. Elle fournit des conseils pratiques sur l’art de mener à bien une carrière et explique concrètement le moyen d’allier réussite professionnelle et épanouissement personnel, tout en indiquant aux hommes comment soutenir les femmes pour mieux gagner aussi. Avisé, plein d’humour, En avant toutes propose une série d’ambitieux défis aux femmes, délivrant un message incisif et encourageant. Traduit de l’anglais par Marie Boudewyn', 'http://books.google.com/books/content?id=FeJYg7NbqHIC&printsec=frontcover&img=1&zoom=1&edge=curl&source=gbs_api', 250, '2021-03-31 13:56:13', NULL),
(1390, 19, NULL, 'Prospectus for a New Facsimile Edition of Whitman\'s Personal Copy of Leaves of Grass, with a Sample Page Showing Annotations in Author\'s Hand', 'No description available', NULL, 4, '2021-08-16 18:36:20', '2023-03-27 19:02:00'),
(1391, 19, 403, 'Fethullah Gülen’s Teaching and Practice', 'This is the first book of its kind about the Turkish Muslim scholar, Fethullah Gülen, since the July 2016 events in Turkey, the trauma experienced by Gülen, and the disruption to initiatives inspired by his teaching, known as Hizmet. Drawing on primary interviews with Gülen and Hizmet participants and a literature review, this Open Access book locates the clear origins of Gülen’s teaching in the Qur’an and Sunnah in dynamic engagement with their geographical, temporal and existential reception, translation, and onward communication. It argues that as Hizmet cannot be understood apart from Gülen and his teaching, Gülen and his teaching cannot be understood apart from Hizmet, while exploring the heritage of both. A more geographically focused case study is set out in author Paul Weller’s Hizmet in Transitions: European Developments of a Turkish Muslim-Inspired Movement, also published by Palgrave Macmillan (2022).', 'http://books.google.com/books/content?id=r4LnzgEACAAJ&printsec=frontcover&img=1&zoom=1&source=gbs_api', 250, '2021-08-30 08:38:31', NULL),
(1392, 19, NULL, 'The Complete Poetical Works of Robet Burns', 'No description available', NULL, NULL, '2022-04-20 02:33:17', '1887-03-27 17:11:02'),
(1393, 21, 404, 'Papa, réveille-toi', 'Guillaume est agit ̌dans son sommeil. Les promenades nocturnes de son pr̈e somnambule le rv̌eillent. Le fils use de son imagination et trouve vite une solution ̉ce problm̈e. Un thm̈e drl̥e, dv̌elopp ̌avec humour, illustr ̌avec spontanǐt ̌et frac̋heur. [SDM].', 'http://books.google.com/books/content?id=b_TnNzjLXbEC&printsec=frontcover&img=1&zoom=1&edge=curl&source=gbs_api', 30, '2021-10-29 14:18:10', NULL),
(1394, 19, NULL, '青森県の歴史散步', 'No description available', NULL, NULL, '2021-04-15 22:15:47', '1974-03-27 17:11:03'),
(1395, 19, 405, 'Looking for Falling Star', 'Rachel was born in Melbourne, Australia to an English mother and Australian father where she lives. She started writing young and loved English and Literature classes where she had an excuse to write her school essays and stories always had a picture on and had a book cover layout. She was first introduce to poems in literature class and he love for them grew from there. She loves the work of Emilly Dickensen, Poe and other poets. She mostly writes poetry on a site called allpoetry.com and reads other\'s work there. In author\'s words on her writing style from her poem The Flow of Magical Words. \"I love words, which pour easily from my pen, when I put pen to paper a world of words does open, it flows on the page it\'s soul mate, though no one can read the scrawl of words which well inside and opens a gate, out comes beauty, rhymes of passion, sage words and gloom, rhyming poem, deathly prose dark as the hand of doom, the right word is magic in my hand, like a lover sigh lightly fanned.\"', 'http://books.google.com/books/content?id=kYhzswEACAAJ&printsec=frontcover&img=1&zoom=1&source=gbs_api', 82, '2021-11-30 01:45:25', NULL),
(1396, 19, 405, 'Tale of Two Brothers', 'Hello my friendly readers! I am excitedly sharing my first professional review. Enjoy!INDIE READER REVIEW: 4.7/5.0!!!! (https: //indiereader.com/2019/01/tale-of-two-brothers/)Verdict: There\'s a lot for readers to like in author Daniel Fernández Masís\' fusion of suspense and insight into the human condition in the TALE OF TWO BROTHERS, attempting to stop a deranged despot in the aftermath of a natural cataclysm that decimates natural resources across earth.In the aftermath of a natural cataclysm that decimated natural resources across earth, two brothers set up camp in an abandoned area of what was once the United States. Due to the paucity of resources, the brothers face unimaginable perils each day from marauders and herds of gangs pillaging anything in their path. Paranoia and adrenaline are constant realities for the two brothers; peace is a mirage.One day, one of the brothers, Jay, is kidnapped by a renegade gang, which is capturing and enslaving as many people as they can in an effort to gain control of the region. Nathan, the other brother, plots to save Jay and meets Silver, a sort of femme fatale, who is about as good at combat as the guys are. Eventually, all three plot a rebellion against the marauding gang, led by a thug named Cold, who is seeking a national tyranny of sorts and burning villages that oppose him. The last part of the book-which on occasion descends into rambling action scenes-feels almost like a flashback to Vietnam, but in an Americanized milieu.Author Daniel Fernández Masís imbues his prose throughout TALE OF TWO BROTHERS with indelible internal soliloquies by the characters, ones that are both stirring battle cries for human freedom, but also valuable insights into humanity coerced into extreme conditions. This is a dystopia, no doubt, but it is not one without hope, and this sense of fatalistic optimism carries the book beyond its depressing and often brutal surroundings. \"When death seems to hover over you every day, people will heartbreakingly let go of the possibility of change,\" Masís writes . \"But hope never vanishes completely. Thoughts and feelings deep within our minds and souls hang on, in solitude, to the notion of life without restraints and violence.\"There\'s a lot for readers to like in author Daniel Fernández Masís\' fusion of suspense and insight into the human condition in the TALE OF TWO BROTHERS, attempting to stop a deranged despot in the aftermath of a natural cataclysm that decimates natural resources across earth. MP Gunderson for IndieReader', 'http://books.google.com/books/content?id=8bBXvwEACAAJ&printsec=frontcover&img=1&zoom=1&source=gbs_api', 390, '2022-12-31 10:28:54', NULL),
(1397, 19, NULL, 'Intercontinental Press', 'No description available', 'http://books.google.com/books/content?id=XD9bAAAAMAAJ&printsec=frontcover&img=1&zoom=1&source=gbs_api', 972, '2022-01-29 10:24:31', '1975-03-27 17:11:03'),
(1398, 19, NULL, 'Answers to Questions about George Inness and Camille Corot and how Their Experiences in Italy Have Influenced Their Art. How the Conditions of Light on Objects and the Consideration of Time are Shown in Author\'s Landscape Paintings', 'No description available', NULL, NULL, '2021-12-09 19:40:09', '1984-03-27 17:11:03'),
(1399, 19, 405, 'Incredible Wildlife. Africa.', 'Incredible Wildlife. Africa This intricately designed coloring book is dedicated to Africa, the second-largest continent in the world whose uniqueness is in its wild life. The book is a celebration of African wild life providing you with 20 illustrations of big and small animals, birds, reptiles and insects to color in. Most illustrations are designed in author\'s style using black bold contours on a light gray ornate background. The set of animal patterns is the result of many sketches created and collected by the graphic designer and wildlife photographer Victoria Chukalina during her travels in Africa for the past seven years. The sketches were digitized and perfected to get an ideal book without blots and sloppy lines. English text editing is provided by Natalia Skvortsova. The \"Incredible Wildlife. Africa\" is the first book from the \"Incredible Wildlife\" Series. Inspired by the majesty of our Mother Nature the work is devoted to all its living creatures. Have fun coloring these handmade drawings, relax and relieve everyday stress and anxiety. Expand your creativity boundaries and meditate together with this Coloring book! The book contains 40 single sided pages: - 20 pages with black bold contour in author\'s style; - 20 pages with thin outlines to fill it with color you like. List of illustrations: - Lion; - Elephant; - Rhinoceros; - Cheetah; - Buffalo; - Gorilla; - Giraffe; - Zebra; - Butterflies (Madagascar Diadem, Monarch Butterfly, Painted Lady); - Fennec Fox; - Antelope; - Vulture; - Monkey (Chimpanzee); - Scarab beetle; - Chameleon; - African gray parrot; - Warthog; - Scorpion; - Flamingo; - Nile Crocodile.', 'http://books.google.com/books/content?id=LHatugEACAAJ&printsec=frontcover&img=1&zoom=1&source=gbs_api', 84, '2022-03-28 07:54:05', NULL),
(1400, 19, NULL, 'Reddition', 'In author John J. Blenkush\'s novel, Reddition, the lead player in the story is a man who has sacrificed his freedom for the woman he loves only to become the target of a powerful political and criminal pairing. With a collection of dangerous men counting on his silence about a heinous crime committed many years ago, Rue Theodore Day finds himself charged with the murder of a police officer. He is represented by a young, inexperienced lawyer who believes in his client\'s innocence. When Garret Lawton, a troubled attorney in Payne Creek, Colorado, is offered a client by his old friend, Tate Hartford, he quickly turns down the offer. Even though Garret\'s law practice has been suffering for years, he is suspicious of Tate\'s offer since his old friend is the county public defender. Garret has been plagued with personal and career problems that led to alcoholism which has led Hartford to throw work his way in the past. But the case of Rue Theodore Day not only seems to be a simple plea bargain, it also reminds Garret of a case he was involved in years ago that turned the entire town against him. When Garret refuses to take the case, Tate offers it to Garret\'s partner and nephew, Lang Lawton. Lang, who has been more of a paralegal than a partner in his uncle\'s practice, jumps at the opportunity to represent the accused cop killer. But after his initial visit with his client, Lang develops serious doubts about Rue\'s guilt and begins to investigate the dead cop\'s partner, who was at the scene of the murder. He also looks deeply into his client\'s background. Lang\'s discoveries take him to California and Mexico. His obsession with the case leads to great personal loss and professional revelations. Blenkush has woven a complicated and elaborate tale that includes mystery, action and layers of emotional dysfunction. The political and criminal angles in the plot add an edge to the story that holds the reader\'s attention. The threads of substance abuse and family instability contribute to the depth and texture of the book, keeping the reader anxious to learn the truth about Lang and Rue\'s families and how these revelations brought the two men together. Reddition is an intriguing tale of murder, family and political gain. It is a labyrinth of mysterious characters and unexpected plot twists that will take readers on a wild ride. Melissa Brown Levine', 'http://books.google.com/books/content?id=6kzczgEACAAJ&printsec=frontcover&img=1&zoom=1&source=gbs_api', 354, '2021-12-17 03:51:45', NULL);

-- --------------------------------------------------------

--
-- Structure de la table `livre_auteur`
--

DROP TABLE IF EXISTS `livre_auteur`;
CREATE TABLE `livre_auteur` (
  `livre_id` int(11) NOT NULL,
  `auteur_id` int(11) NOT NULL
) ENGINE=InnoDB DEFAULT CHARSET=utf8mb4 COLLATE=utf8mb4_unicode_ci;

--
-- Déchargement des données de la table `livre_auteur`
--

INSERT INTO `livre_auteur` (`livre_id`, `auteur_id`) VALUES
(1201, 1153),
(1202, 1154),
(1203, 1155),
(1204, 1156),
(1205, 1157),
(1205, 1158),
(1205, 1159),
(1205, 1160),
(1205, 1161),
(1205, 1162),
(1206, 1163),
(1207, 1164),
(1208, 1165),
(1209, 1166),
(1210, 1167),
(1211, 1168),
(1212, 1169),
(1213, 1170),
(1214, 1171),
(1214, 1172),
(1215, 1173),
(1216, 1174),
(1218, 1175),
(1219, 1176),
(1220, 1153),
(1221, 1177),
(1222, 1178),
(1223, 1179),
(1223, 1180),
(1224, 1181),
(1226, 1182),
(1227, 1183),
(1228, 1184),
(1229, 1185),
(1230, 1186),
(1231, 1187),
(1233, 1188),
(1234, 1189),
(1235, 1190),
(1236, 1191),
(1237, 1192),
(1238, 1193),
(1239, 1194),
(1240, 1195),
(1241, 1195),
(1243, 1196),
(1244, 1197),
(1244, 1198),
(1245, 1199),
(1246, 1200),
(1247, 1201),
(1248, 1202),
(1249, 1197),
(1251, 1203),
(1252, 1204),
(1252, 1205),
(1253, 1206),
(1254, 1206),
(1255, 1206),
(1256, 1207),
(1259, 1208),
(1259, 1209),
(1259, 1210),
(1260, 1211),
(1261, 1212),
(1262, 1213),
(1263, 1214),
(1264, 1215),
(1267, 1216),
(1268, 1217),
(1270, 1218),
(1271, 1219),
(1272, 1220),
(1273, 1221),
(1274, 1222),
(1275, 1223),
(1276, 1153),
(1277, 1224),
(1278, 1225),
(1279, 1226),
(1281, 1227),
(1283, 1228),
(1283, 1229),
(1284, 1230),
(1285, 1231),
(1286, 1232),
(1287, 1233),
(1288, 1234),
(1289, 1235),
(1290, 1236),
(1291, 1237),
(1292, 1238),
(1293, 1239),
(1294, 1240),
(1296, 1241),
(1297, 1242),
(1298, 1243),
(1298, 1244),
(1299, 1245),
(1299, 1246),
(1299, 1247),
(1300, 1248),
(1304, 1249),
(1305, 1250),
(1306, 1251),
(1308, 1252),
(1309, 1253),
(1310, 1254),
(1311, 1255),
(1311, 1256),
(1312, 1257),
(1314, 1181),
(1315, 1258),
(1315, 1259),
(1315, 1260),
(1317, 1261),
(1318, 1262),
(1319, 1263),
(1320, 1264),
(1321, 1262),
(1322, 1263),
(1323, 1264),
(1325, 1265),
(1326, 1266),
(1326, 1267),
(1327, 1268),
(1328, 1250),
(1329, 1269),
(1329, 1270),
(1330, 1250),
(1332, 1271),
(1333, 1272),
(1335, 1255),
(1335, 1256),
(1335, 1273),
(1335, 1274),
(1335, 1275),
(1335, 1276),
(1335, 1277),
(1335, 1278),
(1336, 1279),
(1337, 1280),
(1338, 1281),
(1339, 1282),
(1340, 1283),
(1341, 1284),
(1342, 1285),
(1343, 1187),
(1344, 1283),
(1345, 1286),
(1346, 1287),
(1347, 1288),
(1348, 1289),
(1349, 1290),
(1350, 1291),
(1351, 1292),
(1352, 1293),
(1353, 1294),
(1355, 1295),
(1355, 1296),
(1356, 1297),
(1357, 1298),
(1358, 1299),
(1359, 1206),
(1360, 1300),
(1361, 1301),
(1363, 1302),
(1364, 1303),
(1367, 1304),
(1369, 1305),
(1369, 1306),
(1370, 1304),
(1372, 1307),
(1372, 1308),
(1373, 1309),
(1374, 1310),
(1375, 1311),
(1376, 1312),
(1376, 1313),
(1377, 1314),
(1377, 1315),
(1377, 1316),
(1378, 1317),
(1378, 1318),
(1381, 1319),
(1381, 1320),
(1382, 1321),
(1383, 1322),
(1384, 1323),
(1384, 1324),
(1385, 1325),
(1385, 1326),
(1386, 1327),
(1387, 1328),
(1389, 1329),
(1390, 1330),
(1391, 1331),
(1392, 1288),
(1393, 1332),
(1395, 1333),
(1396, 1334),
(1398, 1335),
(1399, 1336),
(1400, 1337);

-- --------------------------------------------------------

--
-- Structure de la table `livre_categorie`
--

DROP TABLE IF EXISTS `livre_categorie`;
CREATE TABLE `livre_categorie` (
  `livre_id` int(11) NOT NULL,
  `categorie_id` int(11) NOT NULL
) ENGINE=InnoDB DEFAULT CHARSET=utf8mb4 COLLATE=utf8mb4_unicode_ci;

--
-- Déchargement des données de la table `livre_categorie`
--

INSERT INTO `livre_categorie` (`livre_id`, `categorie_id`) VALUES
(1202, 757),
(1203, 758),
(1204, 759),
(1205, 760),
(1207, 761),
(1208, 762),
(1209, 758),
(1210, 761),
(1211, 763),
(1212, 761),
(1213, 764),
(1214, 765),
(1215, 766),
(1218, 761),
(1219, 767),
(1221, 761),
(1222, 768),
(1223, 769),
(1224, 770),
(1225, 771),
(1226, 761),
(1227, 772),
(1228, 773),
(1229, 774),
(1230, 775),
(1231, 774),
(1232, 776),
(1233, 777),
(1235, 778),
(1236, 779),
(1237, 780),
(1238, 781),
(1239, 782),
(1240, 783),
(1241, 783),
(1242, 766),
(1243, 784),
(1244, 785),
(1245, 786),
(1246, 766),
(1248, 787),
(1249, 785),
(1251, 788),
(1252, 789),
(1253, 790),
(1254, 791),
(1255, 757),
(1257, 792),
(1258, 793),
(1259, 794),
(1260, 795),
(1261, 761),
(1262, 796),
(1263, 769),
(1264, 797),
(1265, 798),
(1267, 799),
(1268, 800),
(1270, 801),
(1271, 802),
(1272, 803),
(1274, 804),
(1275, 776),
(1278, 805),
(1280, 806),
(1281, 807),
(1282, 808),
(1283, 769),
(1284, 809),
(1285, 761),
(1286, 810),
(1287, 758),
(1288, 811),
(1289, 812),
(1290, 807),
(1291, 761),
(1292, 813),
(1293, 814),
(1294, 815),
(1295, 816),
(1296, 817),
(1297, 818),
(1298, 819),
(1299, 820),
(1300, 821),
(1301, 790),
(1302, 822),
(1304, 761),
(1306, 823),
(1307, 824),
(1308, 825),
(1309, 826),
(1310, 827),
(1311, 828),
(1312, 829),
(1313, 830),
(1314, 831),
(1315, 832),
(1316, 833),
(1317, 834),
(1318, 835),
(1319, 836),
(1320, 837),
(1321, 835),
(1322, 836),
(1323, 837),
(1324, 838),
(1325, 839),
(1326, 840),
(1327, 841),
(1329, 842),
(1331, 843),
(1332, 844),
(1333, 801),
(1334, 845),
(1335, 846),
(1336, 847),
(1337, 848),
(1338, 849),
(1339, 850),
(1340, 851),
(1341, 852),
(1342, 853),
(1343, 774),
(1344, 851),
(1345, 854),
(1346, 855),
(1349, 845),
(1351, 856),
(1352, 857),
(1353, 858),
(1354, 757),
(1355, 824),
(1356, 859),
(1357, 860),
(1358, 861),
(1359, 791),
(1360, 761),
(1361, 769),
(1362, 862),
(1363, 863),
(1364, 864),
(1365, 865),
(1366, 865),
(1367, 866),
(1368, 843),
(1369, 867),
(1370, 866),
(1371, 868),
(1373, 869),
(1375, 870),
(1376, 770),
(1377, 871),
(1378, 872),
(1379, 821),
(1381, 872),
(1382, 873),
(1383, 769),
(1384, 816),
(1385, 874),
(1386, 875),
(1387, 759),
(1388, 876),
(1389, 811),
(1391, 868),
(1393, 877),
(1397, 878),
(1398, 879);

-- --------------------------------------------------------

--
-- Structure de la table `messenger_messages`
--

DROP TABLE IF EXISTS `messenger_messages`;
CREATE TABLE `messenger_messages` (
  `id` bigint(20) NOT NULL,
  `body` longtext COLLATE utf8mb4_unicode_ci NOT NULL,
  `headers` longtext COLLATE utf8mb4_unicode_ci NOT NULL,
  `queue_name` varchar(190) COLLATE utf8mb4_unicode_ci NOT NULL,
  `created_at` datetime NOT NULL,
  `available_at` datetime NOT NULL,
  `delivered_at` datetime DEFAULT NULL
) ENGINE=InnoDB DEFAULT CHARSET=utf8mb4 COLLATE=utf8mb4_unicode_ci;

--
-- Index pour les tables déchargées
--

--
-- Index pour la table `auteur`
--
ALTER TABLE `auteur`
  ADD PRIMARY KEY (`id`);

--
-- Index pour la table `categorie`
--
ALTER TABLE `categorie`
  ADD PRIMARY KEY (`id`);

--
-- Index pour la table `editeur`
--
ALTER TABLE `editeur`
  ADD PRIMARY KEY (`id`);

--
-- Index pour la table `emprunt`
--
ALTER TABLE `emprunt`
  ADD PRIMARY KEY (`id`),
  ADD KEY `IDX_364071D737D925CB` (`livre_id`),
  ADD KEY `IDX_364071D749DB9E60` (`lecteur_id`);

--
-- Index pour la table `langue`
--
ALTER TABLE `langue`
  ADD PRIMARY KEY (`id`);

--
-- Index pour la table `lecteur`
--
ALTER TABLE `lecteur`
  ADD PRIMARY KEY (`id`),
  ADD UNIQUE KEY `UNIQ_11D3C938E7927C74` (`email`);

--
-- Index pour la table `lecteur_lecteur`
--
ALTER TABLE `lecteur_lecteur`
  ADD PRIMARY KEY (`lecteur_source`,`lecteur_target`),
  ADD KEY `IDX_A31C6A662D2209CA` (`lecteur_source`),
  ADD KEY `IDX_A31C6A6634C75945` (`lecteur_target`);

--
-- Index pour la table `livre`
--
ALTER TABLE `livre`
  ADD PRIMARY KEY (`id`),
  ADD KEY `IDX_AC634F992AADBACD` (`langue_id`),
  ADD KEY `IDX_AC634F993375BD21` (`editeur_id`);

--
-- Index pour la table `livre_auteur`
--
ALTER TABLE `livre_auteur`
  ADD PRIMARY KEY (`livre_id`,`auteur_id`),
  ADD KEY `IDX_A11876B537D925CB` (`livre_id`),
  ADD KEY `IDX_A11876B560BB6FE6` (`auteur_id`);

--
-- Index pour la table `livre_categorie`
--
ALTER TABLE `livre_categorie`
  ADD PRIMARY KEY (`livre_id`,`categorie_id`),
  ADD KEY `IDX_E61B069E37D925CB` (`livre_id`),
  ADD KEY `IDX_E61B069EBCF5E72D` (`categorie_id`);

--
-- Index pour la table `messenger_messages`
--
ALTER TABLE `messenger_messages`
  ADD PRIMARY KEY (`id`),
  ADD KEY `IDX_75EA56E0FB7336F0` (`queue_name`),
  ADD KEY `IDX_75EA56E0E3BD61CE` (`available_at`),
  ADD KEY `IDX_75EA56E016BA31DB` (`delivered_at`);

--
-- AUTO_INCREMENT pour les tables déchargées
--

--
-- AUTO_INCREMENT pour la table `auteur`
--
ALTER TABLE `auteur`
  MODIFY `id` int(11) NOT NULL AUTO_INCREMENT, AUTO_INCREMENT=1338;

--
-- AUTO_INCREMENT pour la table `categorie`
--
ALTER TABLE `categorie`
  MODIFY `id` int(11) NOT NULL AUTO_INCREMENT, AUTO_INCREMENT=880;

--
-- AUTO_INCREMENT pour la table `editeur`
--
ALTER TABLE `editeur`
  MODIFY `id` int(11) NOT NULL AUTO_INCREMENT, AUTO_INCREMENT=406;

--
-- AUTO_INCREMENT pour la table `emprunt`
--
ALTER TABLE `emprunt`
  MODIFY `id` int(11) NOT NULL AUTO_INCREMENT, AUTO_INCREMENT=2414;

--
-- AUTO_INCREMENT pour la table `langue`
--
ALTER TABLE `langue`
  MODIFY `id` int(11) NOT NULL AUTO_INCREMENT, AUTO_INCREMENT=22;

--
-- AUTO_INCREMENT pour la table `lecteur`
--
ALTER TABLE `lecteur`
  MODIFY `id` int(11) NOT NULL AUTO_INCREMENT, AUTO_INCREMENT=602;

--
-- AUTO_INCREMENT pour la table `livre`
--
ALTER TABLE `livre`
  MODIFY `id` int(11) NOT NULL AUTO_INCREMENT, AUTO_INCREMENT=1401;

--
-- AUTO_INCREMENT pour la table `messenger_messages`
--
ALTER TABLE `messenger_messages`
  MODIFY `id` bigint(20) NOT NULL AUTO_INCREMENT;

--
-- Contraintes pour les tables déchargées
--

--
-- Contraintes pour la table `emprunt`
--
ALTER TABLE `emprunt`
  ADD CONSTRAINT `FK_364071D737D925CB` FOREIGN KEY (`livre_id`) REFERENCES `livre` (`id`),
  ADD CONSTRAINT `FK_364071D749DB9E60` FOREIGN KEY (`lecteur_id`) REFERENCES `lecteur` (`id`);

--
-- Contraintes pour la table `lecteur_lecteur`
--
ALTER TABLE `lecteur_lecteur`
  ADD CONSTRAINT `FK_A31C6A662D2209CA` FOREIGN KEY (`lecteur_source`) REFERENCES `lecteur` (`id`) ON DELETE CASCADE,
  ADD CONSTRAINT `FK_A31C6A6634C75945` FOREIGN KEY (`lecteur_target`) REFERENCES `lecteur` (`id`) ON DELETE CASCADE;

--
-- Contraintes pour la table `livre`
--
ALTER TABLE `livre`
  ADD CONSTRAINT `FK_AC634F992AADBACD` FOREIGN KEY (`langue_id`) REFERENCES `langue` (`id`),
  ADD CONSTRAINT `FK_AC634F993375BD21` FOREIGN KEY (`editeur_id`) REFERENCES `editeur` (`id`);

--
-- Contraintes pour la table `livre_auteur`
--
ALTER TABLE `livre_auteur`
  ADD CONSTRAINT `FK_A11876B537D925CB` FOREIGN KEY (`livre_id`) REFERENCES `livre` (`id`) ON DELETE CASCADE,
  ADD CONSTRAINT `FK_A11876B560BB6FE6` FOREIGN KEY (`auteur_id`) REFERENCES `auteur` (`id`) ON DELETE CASCADE;

--
-- Contraintes pour la table `livre_categorie`
--
ALTER TABLE `livre_categorie`
  ADD CONSTRAINT `FK_E61B069E37D925CB` FOREIGN KEY (`livre_id`) REFERENCES `livre` (`id`) ON DELETE CASCADE,
  ADD CONSTRAINT `FK_E61B069EBCF5E72D` FOREIGN KEY (`categorie_id`) REFERENCES `categorie` (`id`) ON DELETE CASCADE;
COMMIT;

/*!40101 SET CHARACTER_SET_CLIENT=@OLD_CHARACTER_SET_CLIENT */;
/*!40101 SET CHARACTER_SET_RESULTS=@OLD_CHARACTER_SET_RESULTS */;
/*!40101 SET COLLATION_CONNECTION=@OLD_COLLATION_CONNECTION */;
